residual sugar,chlorides,sulphates,total acidity,citric acid percentage,free sulfur dioxide percentage,percentage of alcohol density,quality
1.9,0.076,0.56,8.1,0.0,0.3235294117647059,0.09420725596311887,1
2.6,0.098,0.68,8.68,0.0,0.373134328358209,0.09831460674157304,1
2.3,0.092,0.65,8.56,0.004672897196261682,0.2777777777777778,0.09829488465396188,1
1.9,0.075,0.58,11.479999999999999,0.04878048780487806,0.2833333333333333,0.09819639278557114,2
1.9,0.076,0.56,8.1,0.0,0.3235294117647059,0.09420725596311887,1
1.8,0.075,0.56,8.06,0.0,0.325,0.09420725596311887,1
1.6,0.069,0.46,8.5,0.007058823529411764,0.2542372881355932,0.09433962264150944,1
1.2,0.065,0.47,7.95,0.0,0.7142857142857143,0.10054293183189222,2
2.0,0.073,0.57,8.379999999999999,0.0023866348448687356,0.5,0.09530497592295345,2
1.8,0.0969999999999999,0.54,7.28,0.010989010989010988,0.23076923076923078,0.09237875288683603,1
1.6,0.089,0.52,6.215,0.0,0.2711864406779661,0.09956753494921051,1
1.6,0.114,1.56,8.41,0.034482758620689655,0.3103448275862069,0.09123721676358533,1
1.8,0.092,0.75,8.78,0.06378132118451026,0.33980582524271846,0.10532651218778212,2
1.8,0.341,1.08,8.22,0.06204379562043795,0.30357142857142855,0.0922860868692948,2
2.3,0.0819999999999999,0.65,7.989999999999999,0.03879849812265332,0.323943661971831,0.0971749148467241,1
1.6,0.106,0.91,8.33,0.025210084033613443,0.2702702702702703,0.0953241019466185,1
2.3,0.084,0.53,8.99,0.012235817575083427,0.13432835820895522,0.09430176565008025,1
2.4,0.085,0.63,7.300000000000001,0.019178082191780823,0.525,0.09731139646869982,2
1.4,0.08,0.56,6.6899999999999995,0.02391629297458894,0.4782608695652174,0.09342039176293321,1
1.8,0.08,0.59,8.01,0.0299625468164794,0.36363636363636365,0.09536237703272435,1
1.9,0.08,0.55,7.81,0.0,0.4,0.094263939029282,1
2.0,0.0819999999999999,0.59,8.445,0.0,0.5,0.09835407466880772,2
2.4,0.089,0.54,7.375,0.009491525423728815,0.2073170731707317,0.10142598915444867,1
2.3,0.083,0.66,8.955,0.01340033500837521,0.13274336283185842,0.09833433674493278,1
1.8,0.103,0.55,5.5200000000000005,0.04528985507246376,0.26,0.0923973084262328,1
5.5,0.086,0.55,8.445,0.0,0.2777777777777778,0.09613458842379331,2
2.4,0.086,0.6,8.4,0.016666666666666666,0.2,0.10827067669172934,2
2.1,0.066,0.73,8.48,0.0330188679245283,0.43333333333333335,0.09731139646869982,2
5.9,0.074,0.83,7.75,0.0464516129032258,0.13793103448275862,0.10523150932050511,1
2.8,0.088,0.51,9.41,0.03188097768331562,0.3695652173913043,0.09322373696872495,1
2.6,0.332,0.9,7.99,0.025031289111389236,0.5714285714285714,0.10533707865168539,2
2.2,0.069,1.2,8.76,0.025114155251141555,0.391304347826087,0.10333065810593901,1
2.1,0.054,0.56,5.119999999999999,0.029296875000000003,0.12307692307692308,0.13187034427219652,1
2.2,0.114,0.73,8.635,0.049797336421540245,0.19298245614035087,0.09227683049147442,1
1.7,0.074,0.74,9.46,0.02748414376321353,0.17391304347826086,0.0922675759703139,1
2.2,0.069,0.63,7.119999999999999,0.005617977528089888,0.5333333333333333,0.09441542788268381,2
2.1,0.068,0.64,7.1,0.005633802816901409,0.42857142857142855,0.09442491210447011,2
3.0,0.081,0.56,8.98,0.04008908685968819,0.25210084033613445,0.09428284854563691,1
2.8,0.11,0.63,8.11,0.018495684340320593,0.4520547945205479,0.10246107483676543,2
3.4,0.07,0.63,10.62,0.05367231638418079,0.4,0.09627920970815365,1
2.3,0.076,0.59,8.39,0.02145411203814064,0.3148148148148148,0.10025062656641603,1
2.4,0.074,0.54,7.6899999999999995,0.04031209362808843,0.1956521739130435,0.09435856253764305,2
2.2,0.079,0.64,9.200000000000001,0.043478260869565216,0.36538461538461536,0.09218436873747494,1
1.8,0.115,0.71,8.39,0.05840286054827175,0.17857142857142858,0.09329855537720708,1
2.0,0.081,0.57,7.735,0.006464124111182935,0.24074074074074073,0.09833433674493278,1
4.65,0.086,0.39,7.925,0.006309148264984228,0.36363636363636365,0.10941577996386267,1
4.65,0.086,0.39,7.925,0.006309148264984228,0.36363636363636365,0.10941577996386267,1
1.6,0.076,0.58,7.305,0.009582477754962355,0.4,0.10740815097370006,1
1.9,0.074,0.95,8.705,0.005743825387708214,0.42105263157894735,0.10540052198353744,2
1.9,0.084,0.48,8.39,0.026221692491060784,0.19148936170212766,0.09537195060736874,1
2.1,0.084,0.53,8.975000000000001,0.02896935933147632,0.2558139534883721,0.09222133119486768,1
2.2,0.093,0.66,9.21,0.06948968512486427,0.21428571428571427,0.10514720608852393,1
2.4,0.104,0.55,7.585,0.0,0.4666666666666667,0.10736504113987556,2
2.0,0.086,0.52,7.45,0.01610738255033557,0.15,0.10142598915444867,1
1.5,0.08,1.12,8.925,0.022408963585434174,0.226890756302521,0.09125551544324108,1
1.6,0.069,0.56,6.65,0.03007518796992481,0.2,0.09238802972484435,1
2.0,0.086,0.57,7.9,0.05949367088607594,0.2876712328767123,0.09127382146439318,1
1.8,0.069,0.78,6.6,0.07272727272727272,0.29508196721311475,0.10342403855808817,2
2.2,0.076,0.59,7.45,0.020134228187919462,0.475,0.10139544222467624,1
1.9,0.11,1.95,9.09,0.030803080308030806,0.14705882352941177,0.09927797833935019,2
1.9,0.062,0.64,8.19,0.03174603174603175,0.2903225806451613,0.09632751354605659,1
2.1,0.107,1.22,9.690000000000001,0.04540763673890608,0.272,0.09520946081379034,1
1.8,0.076,0.53,7.62,0.010498687664041995,0.3333333333333333,0.09019843656043294,1
1.9,0.079,0.54,8.42,0.030878859857482188,0.3,0.09534323564833401,1
1.9,0.11,1.95,9.09,0.030803080308030806,0.14705882352941177,0.09927797833935019,2
1.9,0.062,0.64,8.19,0.03174603174603175,0.2903225806451613,0.09632751354605659,1
1.4,0.045,0.48,6.02,0.00664451827242525,0.4823529411764706,0.10565506138055947,1
3.0,0.102,0.56,7.575,0.0,0.34782608695652173,0.10737581535373808,1
2.5,0.079,0.56,8.5,0.007058823529411764,0.5,0.0983244707534865,1
1.9,0.08,0.59,8.645,0.020821283979178717,0.37142857142857144,0.09025270758122744,2
2.1,0.084,0.61,8.91,0.03367003367003367,0.22,0.1022864019253911,2
1.9,0.08,0.59,8.645,0.020821283979178717,0.37142857142857144,0.09025270758122744,2
2.1,0.077,0.51,8.674999999999999,0.025360230547550437,0.18461538461538463,0.0923046051971506,1
2.2,0.07,0.48,7.69,0.03120936280884265,0.1388888888888889,0.09437751004016064,1
2.1,0.077,0.51,8.674999999999999,0.025360230547550437,0.18461538461538463,0.0923046051971506,1
1.7,0.467,1.31,8.209999999999999,0.08282582216808772,0.2608695652173913,0.0932517798054748,1
1.7,0.088,0.79,6.83,0.04538799414348463,0.234375,0.09328919650917847,1
1.8,0.104,0.93,8.36,0.022727272727272728,0.2553191489361702,0.09534323564833401,1
2.2,0.084,0.66,9.02,0.009977827050997782,0.10185185185185185,0.09835407466880772,1
2.3,0.08,0.67,10.41,0.04226705091258405,0.4782608695652174,0.09711653984781737,2
1.8,0.104,0.93,8.36,0.022727272727272728,0.2553191489361702,0.09534323564833401,1
2.2,0.09,0.63,9.8,0.03163265306122449,0.20967741935483872,0.1053582179409994,2
1.9,0.077,0.61,8.84,0.031674208144796386,0.275,0.10022048506714773,2
1.7,0.178,0.57,8.37,0.010752688172043012,0.11235955056179775,0.0903433045573178,1
2.2,0.119,0.6,9.350000000000001,0.00427807486631016,0.25,0.10941577996386267,2
2.5,0.075,0.52,7.995,0.0,0.23076923076923078,0.09218436873747494,1
1.6,0.0819999999999999,0.48,8.3,0.020481927710843374,0.20588235294117646,0.09538152610441768,1
1.7,0.081,0.49,9.53,0.0,0.25,0.10939381774387796,1
1.8,0.0819999999999999,0.48,9.43,0.0,0.25,0.10939381774387796,1
1.8,0.065,0.92,8.59,0.018626309662398137,0.1875,0.10540052198353744,2
2.0,0.118,0.66,8.745,0.06403659233847914,0.22388059701492538,0.09430176565008025,1
2.3,0.049,0.63,6.1,0.014754098360655738,0.1717171717171717,0.13082419241219684,1
2.2,0.084,0.55,8.940000000000001,0.005592841163310961,0.4482758620689655,0.09940757104126921,2
1.9,0.09,0.82,9.145,0.012028430836522691,0.25396825396825395,0.0963371801304566,1
2.0,0.081,0.64,7.615,0.04727511490479317,0.28888888888888886,0.09225832330525471,1
1.9,0.09,0.82,9.145,0.012028430836522691,0.25396825396825395,0.0963371801304566,1
1.8,0.05,0.79,5.54,0.0,0.42857142857142855,0.14118596208148448,2
1.7,0.066,0.58,6.6899999999999995,0.01195814648729447,0.15,0.09443439823186658,1
1.8,0.05,0.79,5.54,0.0,0.42857142857142855,0.14118596208148448,2
1.8,0.1169999999999999,0.62,8.77,0.06271379703534778,0.22695035460992907,0.09430176565008025,1
1.8,0.087,0.52,6.4799999999999995,0.00308641975308642,0.22340425531914893,0.1005631536604988,1
2.3,0.074,0.58,7.390000000000001,0.013531799729364006,0.4,0.10241992167888342,2
2.1,0.077,0.53,7.63,0.061598951507208385,0.45454545454545453,0.10343442458324965,2
3.4,0.61,2.0,9.719999999999999,0.10288065843621401,0.463768115942029,0.0940376150460184,1
1.8,0.095,0.54,8.1,0.003703703703703704,0.25252525252525254,0.1015075376884422,1
1.8,0.095,0.54,8.1,0.003703703703703704,0.25252525252525254,0.1015075376884422,1
5.5,0.071,0.71,7.529999999999999,0.05577689243027889,0.21875,0.10528426752231024,1
5.5,0.07,0.72,7.529999999999999,0.05577689243027889,0.2248062015503876,0.10528426752231024,1
5.5,0.071,0.71,7.529999999999999,0.05577689243027889,0.21875,0.10528426752231024,1
2.2,0.073,0.5,7.779999999999999,0.0,0.5454545454545454,0.09328919650917847,1
1.9,0.079,0.57,7.3999999999999995,0.024324324324324326,0.20930232558139536,0.09329855537720708,2
2.0,0.09,0.56,8.549999999999999,0.003508771929824562,0.35,0.09639522040365499,1
1.3,0.072,1.08,8.28,0.002415458937198068,0.45,0.09232313095835423,1
1.7,0.076,0.56,8.33,0.004801920768307323,0.5483870967741935,0.10036130068245686,2
7.3,0.07,0.49,8.0,0.0325,0.2975206611570248,0.09416950510919656,1
7.2,0.07,0.49,7.89,0.032953105196451206,0.2892561983471074,0.09417893998597335,1
1.7,0.1,0.62,8.43,0.05693950177935943,0.14583333333333334,0.09537195060736874,1
2.1,0.085,0.52,7.4399999999999995,0.013440860215053765,0.1782178217821782,0.10245078344716753,1
1.6,0.072,0.48,7.85,0.003821656050955414,0.40476190476190477,0.09039775010044193,1
2.1,0.089,0.55,7.43,0.009421265141318979,0.25,0.10449110820858035,2
1.8,0.0579999999999999,0.33,8.785,0.0034149117814456457,0.5,0.09125551544324108,1
2.0,0.073,0.61,8.42,0.020190023752969122,0.3333333333333333,0.09225832330525471,2
1.9,0.068,0.57,8.02,0.006234413965087282,0.5714285714285714,0.11545025599839374,2
1.5,0.085,0.78,7.4,0.005405405405405405,0.3877551020408163,0.09540068286804579,1
2.0,0.08,0.47,7.68,0.02734375,0.2,0.09537195060736874,1
2.3,0.087,0.61,8.02,0.05236907730673317,0.21052631578947367,0.105294825511432,2
2.5,0.068,0.56,7.805,0.0,0.35,0.09629852542882937,1
2.4,0.067,0.59,9.41,0.014877789585547292,0.23809523809523808,0.09529541578894574,1
2.4,0.067,0.59,9.41,0.014877789585547292,0.23809523809523808,0.09529541578894574,1
2.0,0.27,1.02,9.51,0.05152471083070452,0.20909090909090908,0.09326113116726836,1
2.5,0.076,0.52,7.93,0.0025220680958385876,0.38095238095238093,0.09326113116726836,1
1.8,0.077,0.58,7.41,0.02699055330634278,0.16923076923076924,0.09327048440477385,1
1.9,0.079,0.58,7.32,0.02868852459016393,0.12903225806451613,0.09327983951855567,2
2.0,0.111,0.53,9.21,0.06188925081433223,0.3058823529411765,0.09728211814261357,1
2.0,0.0819999999999999,0.55,7.79,0.06161745827984595,0.208955223880597,0.09225832330525471,1
2.0,0.084,0.55,8.4,0.039285714285714285,0.1048951048951049,0.09530497592295345,1
2.9,0.077,0.62,8.7,0.040229885057471264,0.16535433070866143,0.09422614274258219,1
1.9,0.074,0.62,6.7700000000000005,0.036927621861152136,0.42857142857142855,0.09825546420693805,2
2.2,0.071,0.55,8.15,0.02576687116564417,0.25,0.09735046166198313,1
2.2,0.071,0.55,8.15,0.02576687116564417,0.25,0.09735046166198313,1
2.4,0.074,0.59,7.88,0.03807106598984771,0.2727272727272727,0.1023274478330658,1
2.0,0.067,0.97,11.8,0.05084745762711864,0.4444444444444444,0.10119226530407774,2
2.1,0.061,0.43,7.99,0.007509386733416771,0.3870967741935484,0.11459589867310012,1
1.4,0.0559999999999999,0.82,9.92,0.047379032258064516,0.375,0.10331511108882091,2
1.6,0.089,0.56,7.43,0.04845222072678331,0.3783783783783784,0.09235556894042062,2
2.6,0.095,0.77,13.100000000000001,0.0564885496183206,0.32142857142857145,0.10806483890334202,2
2.6,0.095,0.77,13.100000000000001,0.0564885496183206,0.32142857142857145,0.10806483890334202,2
2.7,0.1,0.67,8.24,0.03398058252427185,0.18947368421052632,0.09432069034718041,1
2.0,0.039,0.86,10.229999999999999,0.05865102639296188,0.2631578947368421,0.12451674448963197,2
2.8,0.083,0.56,8.725,0.027507163323782235,0.16129032258064516,0.10031599538546422,2
2.2,0.06,0.43,8.77,0.029646522234891677,0.4307692307692308,0.10141580479967867,1
2.4,0.092,0.71,8.535,0.009373169302870533,0.24390243902439024,0.09825546420693805,2
5.6,0.06,0.76,7.49,0.06542056074766354,0.21487603305785125,0.10527371165029076,1
2.0,0.1009999999999999,0.57,9.325,0.017158176943699734,0.2653061224489796,0.11041959445894399,1
2.2,0.072,0.55,8.825,0.02492917847025496,0.2682926829268293,0.09130129427109461,1
1.9,0.076,0.54,7.99,0.023779724655819776,0.22727272727272727,0.09741890127548457,1
2.0,0.0819999999999999,0.59,8.14,0.04545454545454545,0.41379310344827586,0.09433962264150944,2
2.0,0.1009999999999999,0.57,7.930000000000001,0.03278688524590164,0.2222222222222222,0.09440594556593351,1
1.5,0.057,0.6,7.41,0.005398110661268556,0.5,0.09545340366742025,1
2.0,0.083,0.6,9.245,0.027041644131963225,0.2857142857142857,0.10018534288433603,2
2.6,0.073,0.58,8.13,0.030750307503075027,0.4603174603174603,0.10540581237765397,2
2.0,0.337,1.61,9.49,0.05268703898840885,0.3333333333333333,0.09534323564833401,2
1.6,0.054,0.62,5.68,0.007042253521126761,0.1792452830188679,0.12289714918908028,2
1.8,0.078,0.52,8.38,0.007159904534606205,0.24489795918367346,0.09937264742785447,2
2.8,0.09,0.7,8.87,0.022547914317925594,0.3103448275862069,0.09619238476953908,2
2.3,0.065,0.55,9.2,0.009782608695652175,0.1891891891891892,0.09028439584691779,2
1.9,0.0969999999999999,0.58,7.83,0.0,0.3684210526315789,0.09029345372460496,2
1.7,0.263,1.09,9.535,0.03880440482433141,0.08064516129032258,0.09327048440477385,1
2.1,0.093,0.71,12.38,0.04523424878836834,0.25,0.1090818113585189,2
1.8,0.102,0.49,8.28,0.01207729468599034,0.25688073394495414,0.09842816250690503,2
2.2,0.075,0.84,15.21,0.028928336620644313,0.4166666666666667,0.09199540022998849,2
2.2,0.075,0.84,15.21,0.028928336620644313,0.4166666666666667,0.09199540022998849,2
2.0,0.084,0.96,7.96,0.0,0.2608695652173913,0.09916858659721528,2
1.9,0.075,0.52,7.779999999999999,0.008997429305912599,0.3137254901960784,0.095300195616191,1
2.0,0.084,0.96,7.96,0.0,0.2608695652173913,0.09916858659721528,2
1.6,0.063,0.78,11.120000000000001,0.039568345323741004,0.43243243243243246,0.100150225338007,2
1.8,0.074,0.7,7.699999999999999,0.0,0.47058823529411764,0.09927797833935019,2
3.1,0.09,0.53,11.45,0.04192139737991266,0.23809523809523808,0.10514720608852393,1
1.9,0.092,0.59,8.475,0.049557522123893805,0.09302325581395349,0.09539110352445025,1
3.2,0.073,0.57,8.57,0.026837806301050177,0.14285714285714285,0.09330323551542515,1
2.2,0.075,0.62,9.74,0.037987679671457907,0.38461538461538464,0.09218436873747494,1
2.1,0.075,0.67,7.295,0.0,0.21428571428571427,0.09229534510433386,1
1.8,0.611,1.26,8.11,0.093711467324291,0.17777777777777778,0.09430176565008025,1
2.6,0.085,0.8,10.31,0.04558680892337536,0.42424242424242425,0.10503676286700345,2
1.7,0.077,0.65,8.23,0.027946537059538274,0.4,0.09335006273525723,1
2.0,0.087,0.6,7.975,0.005015673981191223,0.1791044776119403,0.09441068648621503,1
1.7,0.07,0.57,8.52,0.0035211267605633804,0.2857142857142857,0.10042681395932715,1
1.8,0.077,0.67,8.27,0.027811366384522373,0.46938775510204084,0.09334537789822345,1
2.4,0.064,0.87,13.06,0.03751914241960184,0.18518518518518517,0.10901090109010901,1
3.3,0.096,0.72,8.969999999999999,0.0,0.4262295081967213,0.09797550612346913,1
3.6,0.078,0.86,8.25,0.05575757575757576,0.40540540540540543,0.12834653564624487,2
3.0,0.077,0.91,7.44,0.005376344086021505,0.25925925925925924,0.09412235906678681,2
4.0,0.104,0.97,11.68,0.04366438356164384,0.17391304347826086,0.10104041616646657,2
4.0,0.087,0.67,8.445,0.007104795737122557,0.4426229508196721,0.10737581535373808,2
4.0,0.087,0.67,8.445,0.007104795737122557,0.4426229508196721,0.10737581535373808,2
3.0,0.077,0.91,7.44,0.005376344086021505,0.25925925925925924,0.09412235906678681,2
4.0,0.104,0.97,11.68,0.04366438356164384,0.17391304347826086,0.10104041616646657,2
6.4,0.073,0.82,10.620000000000001,0.0423728813559322,0.38461538461538464,0.12630312750601444,2
5.6,0.087,0.77,9.3,0.034408602150537634,0.2127659574468085,0.10509458512661395,2
3.6,0.071,0.82,11.66,0.03773584905660377,0.3157894736842105,0.09313038253554978,2
3.5,0.358,1.08,7.970000000000001,0.08531994981179422,0.5,0.09927797833935019,2
5.6,0.087,0.77,9.3,0.034408602150537634,0.2127659574468085,0.10509458512661395,2
3.4,0.102,0.71,10.49,0.00667302192564347,0.4507042253521127,0.09798530220466929,1
3.4,0.102,0.71,10.49,0.00667302192564347,0.4507042253521127,0.09798530220466929,1
2.0,0.073,0.76,12.45,0.044176706827309245,0.5102040816326531,0.10303090927278184,2
3.0,0.092,0.7,7.9,0.015189873417721518,0.5471698113207547,0.10334102538376644,2
2.5,0.091,0.86,9.219999999999999,0.009761388286334056,0.40816326530612246,0.10625501202886928,2
3.3,0.105,0.95,12.02,0.04409317803660566,0.336734693877551,0.09190809190809192,1
2.5,0.091,0.86,9.219999999999999,0.009761388286334056,0.40816326530612246,0.10625501202886928,2
2.7,0.091,0.64,10.950000000000001,0.02100456621004566,0.375,0.10306183710226137,2
2.4,0.098,0.6,7.260000000000001,0.034435261707988975,0.3125,0.10136491368928141,2
3.2,0.094,0.81,13.64,0.03812316715542522,0.32075471698113206,0.09486718593968443,2
2.5,0.073,0.64,11.3,0.04070796460176991,0.18518518518518517,0.09499050094990501,1
2.6,0.086,0.52,11.43,0.03237095363079615,0.37142857142857144,0.09918845807033363,1
2.0,0.083,0.73,7.7299999999999995,0.007761966364812419,0.27586206896551724,0.09613940213309298,1
2.3,0.094,0.8,7.8500000000000005,0.0025477707006369425,0.16129032258064516,0.0970679475632943,1
2.6,0.086,0.59,8.03,0.007471980074719801,0.45454545454545453,0.10737581535373808,2
1.5,0.068,0.64,11.28,0.0425531914893617,0.4666666666666667,0.10127343828336509,2
2.6,0.092,0.72,9.005,0.013325930038867295,0.42857142857142855,0.10006003602161298,1
2.1,0.1119999999999999,0.52,9.05,0.06629834254143646,0.13333333333333333,0.0922490724957385,1
2.2,0.0819999999999999,0.52,8.219999999999999,0.03892944038929441,0.12962962962962962,0.09432069034718041,1
2.4,0.213,0.62,10.71,0.039215686274509796,0.42857142857142855,0.09505703422053233,2
2.4,0.214,0.63,10.73,0.04100652376514445,0.4166666666666667,0.09505703422053233,2
2.0,0.072,0.54,8.43,0.028469750889679714,0.14285714285714285,0.09437751004016064,2
2.8,0.093,0.63,9.46,0.032769556025369975,0.19387755102040816,0.09517607574011923,2
3.0,0.076,0.53,9.07,0.0330760749724366,0.2222222222222222,0.09422614274258219,1
2.6,0.087,0.68,7.760000000000001,0.03737113402061855,0.3611111111111111,0.11039189121380903,1
3.2,0.083,0.71,10.46,0.037284894837476094,0.3559322033898305,0.11512663930323357,2
2.9,0.0819999999999999,0.64,10.37,0.011571841851494697,0.40540540540540543,0.10414058979622491,2
3.4,0.09,0.62,9.91,0.026236125126135216,0.28735632183908044,0.09702425606401599,1
11.0,0.071,0.69,10.49,0.019065776930409915,0.26,0.09186220668996505,2
11.0,0.071,0.69,10.49,0.019065776930409915,0.26,0.09186220668996505,2
3.65,0.121,0.74,12.129999999999999,0.05441055234954659,0.42857142857142855,0.11525355782721988,2
4.5,0.107,0.83,10.74,0.04655493482309125,0.38461538461538464,0.11523046092184369,1
2.6,0.0819999999999999,0.67,13.67,0.04535479151426482,0.2857142857142857,0.09698060387922415,2
2.1,0.105,0.52,8.96,0.008928571428571428,0.36363636363636365,0.11046394858405302,1
2.5,0.078,0.74,8.55,0.0011695906432748538,0.4473684210526316,0.11743450767841011,2
3.4,0.128,0.84,12.595,0.04208019055180627,0.3333333333333333,0.12209767814251402,2
1.9,0.052,0.7,9.33,0.048231511254019296,0.375,0.12565339766787292,2
2.8,0.08,0.64,8.23,0.038882138517618466,0.5,0.10326849809504714,1
2.3,0.0819999999999999,1.36,12.78,0.04225352112676057,0.41379310344827586,0.0980294088226468,2
1.8,0.118,0.75,11.290000000000001,0.041629760850310005,0.42857142857142855,0.09817671809256663,2
1.8,0.118,0.75,11.290000000000001,0.041629760850310005,0.42857142857142855,0.09817671809256663,2
2.6,0.0819999999999999,0.78,12.47,0.040096230954290296,0.1875,0.10693583849690186,2
3.0,0.093,0.93,14.290000000000001,0.04688593421973408,0.4,0.12016823552974162,2
2.8,0.089,0.92,10.16,0.030511811023622045,0.32608695652173914,0.10021044192804891,2
2.6,0.096,0.83,9.895,0.0,0.4230769230769231,0.09405643386031619,2
2.4,0.09,0.73,8.365,0.0,0.42105263157894735,0.09324243031882898,1
4.8,0.12,0.77,14.03,0.05630791161796152,0.2987012987012987,0.12976642044320225,1
1.4,0.066,0.59,6.31,0.06339144215530904,0.24545454545454545,0.12005649717514126,2
2.4,0.078,0.61,7.45,0.0013422818791946308,0.53125,0.12857860371672525,2
3.0,0.08,0.88,11.91,0.0436607892527288,0.5272727272727272,0.10998900109989002,1
2.95,0.1159999999999999,0.75,10.92,0.06043956043956044,0.41379310344827586,0.11735205616850551,2
3.1,0.109,0.85,12.33,0.05352798053527981,0.43478260869565216,0.10400000000000001,2
2.6,0.088,0.68,12.98,0.05084745762711865,0.24390243902439024,0.09790209790209792,2
2.0,0.099,0.7,8.899999999999999,0.02584269662921349,0.1728395061728395,0.09425448711521107,1
2.6,0.086,0.91,9.049999999999999,0.034254143646408844,0.42,0.09917852133840914,2
2.5,0.072,0.56,12.48,0.052884615384615384,0.16216216216216217,0.100080064051241,1
2.0,0.071,0.87,12.96,0.048611111111111105,0.4,0.10212254705646776,1
5.8,0.083,0.73,13.415000000000001,0.049198658218412225,0.16666666666666666,0.09978048293753743,2
5.8,0.083,0.73,13.415000000000001,0.049198658218412225,0.16666666666666666,0.09978048293753743,2
2.6,0.076,0.69,10.975,0.05558086560364465,0.4583333333333333,0.09,1
2.4,0.074,1.13,9.67,0.054808686659772496,0.3333333333333333,0.12045773940975707,2
1.6,0.0559999999999999,0.87,8.14,0.04914004914004914,0.44,0.08728805056687067,2
1.8,0.067,1.04,9.379999999999999,0.051172707889125806,0.5652173913043478,0.10635095816193438,2
3.0,0.078,1.11,11.95,0.041841004184100423,0.40425531914893614,0.1099670098970309,2
2.4,0.074,1.13,9.67,0.054808686659772496,0.3333333333333333,0.12045773940975707,2
6.2,0.088,0.99,12.025,0.05488565488565489,0.25,0.13315979175010012,2
2.0,0.08,0.8,8.56,0.04906542056074766,0.4074074074074074,0.09424503709645078,2
2.1,0.087,0.74,8.21,0.0341047503045067,0.42592592592592593,0.09218436873747494,1
1.9,0.088,0.74,8.26,0.031476997578692496,0.4339622641509434,0.09217513275222923,2
1.4,0.045,0.82,6.449999999999999,0.007751937984496126,0.13636363636363635,0.12998790810157196,2
2.9,0.085,0.8,14.114999999999998,0.04817569961034362,0.3953488372093023,0.09986019572598362,2
2.0,0.0819999999999999,0.51,9.87,0.05268490374873354,0.23076923076923078,0.09519038076152304,1
4.2,0.066,0.6,12.37,0.0614389652384802,0.18421052631578946,0.12994802079168333,2
7.9,0.122,0.53,7.335,0.0027266530334014998,0.5483870967741935,0.09905943566139684,1
2.6,0.087,0.65,12.09,0.048800661703887506,0.2653061224489796,0.11013215859030837,2
2.3,0.064,0.55,9.465,0.02324352879027998,0.21428571428571427,0.09434909163906455,1
7.9,0.122,0.53,7.335,0.0027266530334014998,0.5483870967741935,0.09905943566139684,1
2.6,0.085,0.61,12.68,0.04258675078864354,0.296875,0.105,2
2.7,0.085,0.63,12.0,0.04083333333333333,0.24390243902439024,0.10506303782269362,2
2.7,0.075,0.61,8.39,0.0059594755661501785,0.5555555555555556,0.09123721676358533,1
2.5,0.063,0.65,10.24,0.04589843749999999,0.32142857142857145,0.10820559062218216,2
3.0,0.093,0.63,12.39,0.053268765133171914,0.4,0.10804321728691478,2
4.5,0.07,0.57,12.96,0.037808641975308636,0.5306122448979592,0.09618274721971747,1
2.5,0.08,0.62,9.43,0.036055143160127257,0.3023255813953488,0.09512366075898668,2
1.9,0.1,0.64,7.835,0.0204211869814933,0.19480519480519481,0.09331727874774233,1
6.7,0.0969999999999999,0.82,10.3,0.05145631067961165,0.3157894736842105,0.11716402964149808,2
2.7,0.087,0.61,9.32,0.03648068669527897,0.19672131147540983,0.09517130835503908,1
6.6,0.1169999999999999,1.07,9.325,0.0257372654155496,0.23134328358208955,0.09286998202516478,1
2.2,0.111,0.66,11.08,0.05776173285198556,0.3,0.11735205616850551,2
1.9,0.091,0.48,7.58,0.015831134564643797,0.27419354838709675,0.10546404178384892,1
2.0,0.121,0.76,12.280000000000001,0.041530944625407164,0.35,0.10404161664665867,2
1.8,0.066,0.68,7.57,0.0,0.6538461538461539,0.09923817161186849,1
2.3,0.059,0.56,7.4399999999999995,0.004032258064516129,0.6666666666666666,0.12359324758842445,2
2.0,0.047,0.44,8.66,0.023094688221709007,0.25,0.10949271722752385,1
2.1,0.066,0.9,10.74,0.04376163873370577,0.25,0.11024253357386249,2
2.3,0.059,0.56,7.4399999999999995,0.004032258064516129,0.6666666666666666,0.12359324758842445,2
2.1,0.045,0.49,7.07,0.011315417256011316,0.3958333333333333,0.11458438033973264,2
1.9,0.077,0.56,10.28,0.021400778210116732,0.1875,0.10612735282338806,2
1.3,0.07,0.6,9.62,0.034303534303534305,0.3,0.0932050511124474,1
2.4,0.088,0.6,13.64,0.04618768328445748,0.37142857142857144,0.10403120936280885,2
2.1,0.066,0.9,10.74,0.04376163873370577,0.25,0.11024253357386249,2
2.2,0.074,0.56,8.35,0.041916167664670656,0.3181818181818182,0.09223982354120715,1
2.3,0.091,0.49,12.690000000000001,0.04964539007092198,0.3333333333333333,0.09496201519392243,1
3.2,0.076,0.89,10.81,0.050878815911193344,0.4074074074074074,0.09903961584633854,2
2.3,0.091,0.49,12.690000000000001,0.04964539007092198,0.3333333333333333,0.09496201519392243,1
2.0,0.06,0.56,8.67,0.03460207612456747,0.6129032258064516,0.10243020686884916,2
3.2,0.066,0.66,11.549999999999999,0.0632034632034632,0.2727272727272727,0.11215701982775884,2
1.5,0.062,0.6,7.62,0.023622047244094488,0.14,0.09345794392523366,1
2.2,0.072,0.82,12.91,0.0557707203718048,0.20689655172413793,0.09812756583558627,2
3.7,0.1,0.68,16.285,0.04666871354006755,0.13953488372093023,0.11164274322169057,2
1.7,0.054,0.84,5.87,0.0017035775127768314,0.18518518518518517,0.12583048117576,2
2.6,0.081,0.73,12.88,0.046583850931677016,0.4305555555555556,0.10504201680672268,1
2.1,0.127,0.72,9.780000000000001,0.029652351738241302,0.375,0.11235955056179774,1
2.0,0.1,0.56,9.129999999999999,0.024096385542168676,0.25925925925925924,0.10233771445771044,2
2.8,0.095,0.61,12.290000000000001,0.056143205858421474,0.4857142857142857,0.10806483890334202,2
2.8,0.095,0.61,12.290000000000001,0.056143205858421474,0.4857142857142857,0.10806483890334202,2
1.7,0.084,0.63,7.359999999999999,0.004076086956521739,0.5142857142857142,0.10032102728731943,2
2.8,0.084,0.74,10.73,0.05871388630009319,0.22727272727272727,0.11202240448089616,2
1.6,0.063,0.63,7.23,0.05532503457814661,0.31343283582089554,0.11153536977491962,1
5.2,0.086,0.69,11.92,0.05620805369127517,0.3157894736842105,0.1341609931918302,2
2.3,0.095,0.58,9.49,0.0410958904109589,0.22727272727272727,0.10314440216302824,1
2.7,0.0969999999999999,0.58,9.83,0.021363173957273652,0.4461538461538462,0.09611533840608731,1
2.2,0.074,0.57,12.18,0.054187192118226604,0.2127659574468085,0.08992805755395684,1
2.3,0.083,0.61,9.629999999999999,0.05399792315680167,0.6086956521739131,0.11327185244587008,2
2.6,0.087,0.61,8.915000000000001,0.024677509814918674,0.3157894736842105,0.09316770186335405,1
2.1,0.084,0.7,11.815,0.045704612780363946,0.3333333333333333,0.0921197556823871,2
2.0,0.069,0.72,10.8,0.03888888888888888,0.4117647058823529,0.11520737327188942,2
2.6,0.065,0.79,9.260000000000002,0.04859611231101511,0.3888888888888889,0.14074595355383535,2
2.1,0.09,0.62,11.76,0.0586734693877551,0.2857142857142857,0.092,2
1.2,0.07,0.58,9.52,0.002100840336134454,0.75,0.09847266881028939,1
2.6,0.093,0.61,13.32,0.0487987987987988,0.3191489361702128,0.1060424169667867,1
2.4,0.081,0.71,10.14,0.04142011834319526,0.4807692307692308,0.1143430290872618,2
2.6,0.083,0.82,12.87,0.04273504273504274,0.36764705882352944,0.1040520260130065,2
2.2,0.087,0.6,10.28,0.023346303501945526,0.17857142857142858,0.10212254705646776,1
2.0,0.091,0.7,9.57,0.042842215256008356,0.375,0.0971943887775551,1
1.8,0.075,1.06,10.64,0.046052631578947366,0.3,0.11025358324145534,2
2.7,0.077,0.7,10.085,0.010907288051561725,0.1935483870967742,0.10116185897435898,2
15.5,0.069,0.66,10.879999999999999,0.03584558823529412,0.2608695652173913,0.09176142030720127,1
2.8,0.08,0.92,9.700000000000001,0.057731958762886594,0.35294117647058826,0.1174227217984745,2
2.2,0.152,1.06,10.959999999999999,0.05474452554744526,0.3888888888888889,0.09413178449829761,1
1.9,0.054,0.47,10.87,0.03587856485740571,0.35294117647058826,0.10024057738572574,1
1.8,0.053,0.42,10.844999999999999,0.03319502074688797,0.35714285714285715,0.10018032458425166,2
2.6,0.073,0.75,9.690000000000001,0.0412796697626419,0.38461538461538464,0.10216346153846154,2
2.5,0.055,0.79,9.61,0.052029136316337155,0.48,0.13364147909967847,2
2.6,0.052,0.9,9.3,0.05483870967741935,0.48148148148148145,0.13467336683417086,2
3.0,0.086,0.74,9.389999999999999,0.03301384451544196,0.2839506172839506,0.11597680463907219,2
8.3,0.051,0.55,6.89,0.03338171262699565,0.3076923076923077,0.12158360128617364,2
2.6,0.07,0.65,11.049999999999999,0.047963800904977386,0.3125,0.11030886482150021,2
1.9,0.081,0.65,8.32,0.03004807692307692,0.3684210526315789,0.09014423076923077,2
2.5,0.09,0.79,7.54,0.042440318302387266,0.3805309734513274,0.11137868753762793,1
2.6,0.07,0.65,11.049999999999999,0.047963800904977386,0.3125,0.11030886482150021,2
3.0,0.086,0.74,9.389999999999999,0.03301384451544196,0.2839506172839506,0.11597680463907219,2
1.9,0.081,0.65,8.32,0.03004807692307692,0.3684210526315789,0.09014423076923077,2
6.55,0.074,0.85,10.84,0.06734317343173432,0.5,0.12012012012012012,2
6.55,0.074,0.85,10.84,0.06734317343173432,0.5,0.12012012012012012,2
1.8,0.077,1.05,10.74,0.03910614525139665,0.2727272727272727,0.10825982357658381,2
2.9,0.072,0.78,10.69,0.05893358278765201,0.38461538461538464,0.12540128410914927,2
1.8,0.075,1.02,10.64,0.043233082706766915,0.2857142857142857,0.10825982357658381,2
2.3,0.084,0.71,11.87,0.04633529907329403,0.46153846153846156,0.095,2
2.8,0.084,0.68,13.59,0.05518763796909492,0.5348837209302325,0.11415982375325455,2
2.2,0.09,0.63,10.59,0.02927289896128423,0.41935483870967744,0.10206123674204523,2
2.1,0.125,0.81,11.1,0.043243243243243246,0.30612244897959184,0.0971943887775551,2
2.4,0.107,0.66,11.01,0.058128973660308815,0.4,0.118319462548882,2
2.4,0.107,0.66,11.01,0.058128973660308815,0.4,0.118319462548882,2
6.1,0.122,1.14,9.155,0.05352266521026761,0.2251655629139073,0.09290709290709293,1
4.3,0.1,0.74,13.1,0.03740458015267176,0.35714285714285715,0.11888111888111891,2
2.1,0.2,0.63,11.01,0.04450499545867393,0.3125,0.0840504302581549,1
2.7,0.088,0.9,10.05,0.04875621890547263,0.45454545454545453,0.10018032458425166,2
2.5,0.085,0.55,9.700000000000001,0.05051546391752577,0.2676056338028169,0.09420725596311887,1
2.4,0.086,0.64,9.629999999999999,0.05088265835929388,0.19827586206896552,0.09522854851643946,1
2.5,0.0969999999999999,0.77,7.38,0.06639566395663957,0.38823529411764707,0.11443485243926924,2
2.4,0.077,0.57,10.530000000000001,0.02279202279202279,0.18181818181818182,0.09424503709645078,1
2.1,0.078,0.87,9.32,0.02575107296137339,0.03571428571428571,0.10310310310310311,2
2.7,0.098,0.61,12.280000000000001,0.039902280130293157,0.2857142857142857,0.10295881647341065,1
2.7,0.098,0.61,12.280000000000001,0.039902280130293157,0.2857142857142857,0.10295881647341065,1
2.1,0.072,0.66,10.57,0.02270577105014191,0.45454545454545453,0.12856568903173965,2
2.7,0.102,0.56,10.48,0.022900763358778622,0.40625,0.1,2
2.1,0.078,0.87,9.32,0.02575107296137339,0.03571428571428571,0.10310310310310311,2
2.4,0.077,0.57,10.530000000000001,0.02279202279202279,0.18181818181818182,0.09424503709645078,1
2.1,0.084,0.77,8.924999999999999,0.02689075630252101,0.38461538461538464,0.10730044123545929,2
5.8,0.066,0.66,13.25,0.0369811320754717,0.14285714285714285,0.11983223487118033,2
5.15,0.1,0.62,11.7,0.06324786324786325,0.29411764705882354,0.11204481792717084,1
3.3,0.1009999999999999,0.67,9.79,0.024514811031664967,0.425531914893617,0.09611533840608731,1
6.3,0.064,0.73,9.96,0.04919678714859437,0.29411764705882354,0.11013215859030837,2
2.1,0.07,0.59,10.015,0.023964053919121316,0.25,0.09933774834437085,1
2.5,0.085,0.72,11.86,0.02023608768971332,0.3018867924528302,0.11007705393775644,2
1.8,0.075,0.79,14.610000000000001,0.050650239561943866,0.4,0.0839328537170264,2
2.6,0.094,0.59,9.57,0.05120167189132706,0.3584905660377358,0.091164095371669,1
2.0,0.078,0.78,8.05,0.029813664596273288,0.35714285714285715,0.0951617750175298,2
2.5,0.067,0.86,10.91,0.044912923923006415,0.2857142857142857,0.10713928106538499,2
2.6,0.079,0.75,12.75,0.038431372549019606,0.391304347826087,0.1040624374624775,2
2.1,0.074,0.56,7.31,0.0013679890560875515,0.36,0.09540068286804579,2
2.8,0.092,0.73,9.83,0.024415055951169887,0.3111111111111111,0.10020040080160321,2
2.7,0.092,0.74,9.96,0.024096385542168672,0.3181818181818182,0.10020040080160321,2
1.6,0.05,0.62,6.04,0.039735099337748346,0.3333333333333333,0.11576404268169922,1
4.2,0.095,0.74,16.145,0.03034995354598947,0.43478260869565216,0.11065144793899218,1
4.6,0.118,0.56,11.43,0.04286964129483815,0.5882352941176471,0.11697660467906418,2
4.2,0.095,0.74,16.245,0.0301631271160357,0.43478260869565216,0.11065144793899218,1
4.3,0.085,0.68,13.47,0.036377134372680024,0.1276595744680851,0.12673385889631775,2
2.8,0.075,0.57,13.299999999999999,0.0368421052631579,0.2631578947368421,0.11406844106463879,1
2.9,0.094,0.61,9.54,0.05136268343815514,0.37272727272727274,0.09216589861751152,1
2.7,0.092,0.61,7.89,0.062103929024081114,0.4166666666666667,0.10129375188045331,2
4.3,0.085,0.68,13.47,0.036377134372680024,0.1276595744680851,0.12673385889631775,2
2.8,0.075,0.57,13.299999999999999,0.0368421052631579,0.2631578947368421,0.11406844106463879,1
2.5,0.226,0.6,9.399999999999999,0.025531914893617023,0.3333333333333333,0.0900810729656691,2
2.6,0.25,0.79,10.3,0.04757281553398058,0.25,0.10710710710710711,2
2.2,0.095,0.57,6.5600000000000005,0.036585365853658534,0.4523809523809524,0.11763523024331388,2
3.3,0.07,0.91,11.85,0.04135021097046414,0.2702702702702703,0.1099670098970309,2
2.4,0.075,0.61,10.44,0.04693486590038314,0.35714285714285715,0.10422930446983364,1
2.3,0.103,0.52,10.4,0.023076923076923075,0.42857142857142855,0.10022048506714773,1
2.8,0.083,0.6,9.24,0.053030303030303025,0.16216216216216217,0.09517130835503908,1
2.9,0.085,0.6,9.270000000000001,0.052858683926645084,0.15454545454545454,0.09817671809256663,1
2.2,0.063,0.51,10.91,0.044912923923006415,0.45,0.09823576583801123,2
2.2,0.089,0.44,12.8,0.038281249999999996,0.35714285714285715,0.09598080383923216,1
2.2,0.089,0.44,12.8,0.038281249999999996,0.35714285714285715,0.09598080383923216,1
1.9,0.074,0.66,12.28,0.03990228013029316,0.47619047619047616,0.09923817161186849,2
1.9,0.108,0.59,8.03,0.029887920298879204,0.17647058823529413,0.09330791612320659,1
2.0,0.06,0.74,5.42,0.04428044280442804,0.38,0.14117172532015732,2
2.6,0.084,0.57,9.45,0.05185185185185186,0.28,0.09712626414338639,1
1.7,0.07,0.5,6.989999999999999,0.07010014306151646,0.15436241610738255,0.1159040516024995,2
2.6,0.084,0.57,9.45,0.05185185185185186,0.28,0.09712626414338639,1
3.5,0.094,0.58,10.39,0.05582290664100095,0.20930232558139536,0.0899640143942423,1
7.9,0.086,0.57,9.495000000000001,0.0431806213796735,0.27522935779816515,0.09301860372074416,1
2.0,0.059,0.6,12.8,0.03984375,0.25,0.09305583350010008,2
2.1,0.078,0.48,9.085,0.01981287837094111,0.16666666666666666,0.0983244707534865,2
2.6,0.081,0.52,8.535,0.0,0.42857142857142855,0.09323308270676693,1
2.9,0.096,0.62,8.88,0.01463963963963964,0.2222222222222222,0.09114583333333333,2
3.3,0.092,0.53,9.280000000000001,0.04418103448275861,0.5,0.10518934081346423,2
5.1,0.11,0.64,10.75,0.03441860465116279,0.16923076923076924,0.10373030121683624,2
3.2,0.075,0.52,6.66,0.028528528528528527,0.38461538461538464,0.1275612695861792,2
2.5,0.083,0.54,9.040000000000001,0.05973451327433628,0.43859649122807015,0.0921566663327657,1
2.7,0.081,0.54,13.58,0.04050073637702504,0.3125,0.09394363381970817,1
2.4,0.077,0.6,8.14,0.0,0.6206896551724138,0.10035122930255895,2
2.3,0.079,0.57,10.2,0.04901960784313726,0.39436619718309857,0.09702910873261977,1
2.2,0.079,0.93,11.81,0.04318374259102455,0.5,0.09817671809256663,2
2.3,0.088,0.8,11.67,0.03513281919451585,0.375,0.09311173408089708,1
3.4,0.076,0.61,8.84,0.027149321266968326,0.14285714285714285,0.09422614274258219,1
3.4,0.078,0.62,8.76,0.02625570776255708,0.1346153846153846,0.09422614274258219,1
1.9,0.08,0.55,10.58,0.020793950850661626,0.28125,0.0952476438740726,1
5.6,0.124,0.72,7.49,0.0,0.3620689655172414,0.10203060918275482,1
2.2,0.098,0.49,9.4,0.03085106382978723,0.3333333333333333,0.09110933119743692,1
2.2,0.098,0.49,9.4,0.03085106382978723,0.3333333333333333,0.09110933119743692,1
2.5,0.0969999999999999,0.6,9.239999999999998,0.028138528138528143,0.22580645161290322,0.09322373696872495,2
2.3,0.111,0.61,8.285,0.027761013880506943,0.23809523809523808,0.09333600963468489,1
2.5,0.0969999999999999,0.6,9.239999999999998,0.028138528138528143,0.22580645161290322,0.09322373696872495,2
2.7,0.105,0.63,10.68,0.050561797752808994,0.2631578947368421,0.09511413696435722,1
3.0,0.087,0.57,8.01,0.017478152309612985,0.4883720930232558,0.10537936571657969,2
3.4,0.105,0.64,11.035,0.01993656547349343,0.12790697674418605,0.11288711288711291,1
1.9,0.073,0.58,8.25,0.025454545454545452,0.45098039215686275,0.09534323564833401,1
1.4,0.065,0.55,9.54,0.0,0.7272727272727273,0.09744826200522402,1
2.4,0.086,0.53,10.48,0.0267175572519084,0.20408163265306123,0.09419781541236597,1
2.3,0.084,0.53,10.385,0.025999037072701014,0.21379310344827587,0.09420725596311887,1
1.9,0.067,1.36,9.19,0.03808487486398259,0.43859649122807015,0.10330992978936811,2
2.3,0.071,0.62,10.440000000000001,0.043103448275862065,0.4,0.09408467620858774,1
2.3,0.071,0.62,10.440000000000001,0.043103448275862065,0.4,0.09408467620858774,1
2.3,0.071,0.62,10.440000000000001,0.043103448275862065,0.4,0.09408467620858774,1
2.2,0.07,0.58,9.145000000000001,0.0010934937124111536,0.35714285714285715,0.11036420186615832,1
2.8,0.066,0.67,9.18,0.032679738562091505,0.35714285714285715,0.11240465676435166,2
8.6,0.068,0.57,7.12,0.037921348314606744,0.16216216216216217,0.11359067149175714,2
2.2,0.106,0.5,11.129999999999999,0.03504043126684637,0.25,0.09613458842379331,1
7.5,0.096,0.84,16.26,0.03997539975399754,0.30985915492957744,0.14935846030473135,1
2.8,0.079,0.54,9.73,0.0606372045220966,0.3,0.12028869286287087,2
2.4,0.074,0.46,9.07,0.05181918412348401,0.2413793103448276,0.09519991983164645,1
2.9,0.087,0.61,10.25,0.016585365853658537,0.37735849056603776,0.0939624150339864,1
2.2,0.106,0.5,11.129999999999999,0.03504043126684637,0.25,0.09613458842379331,1
1.4,0.073,0.68,12.5,0.0472,0.5476190476190477,0.10521042084168336,2
1.4,0.074,0.81,7.720000000000001,0.009067357512953367,0.25,0.09625990173468366,2
1.4,0.074,0.81,7.720000000000001,0.009067357512953367,0.25,0.09625990173468366,2
1.6,0.08,0.64,7.92,0.039141414141414144,0.35714285714285715,0.09019843656043294,1
1.6,0.076,0.7,7.7700000000000005,0.007722007722007721,0.3333333333333333,0.09626955475330927,2
2.0,0.084,0.56,9.99,0.014014014014014016,0.5208333333333334,0.0971846508365895,1
1.8,0.222,0.6,8.790000000000001,0.0409556313993174,0.375,0.09519038076152304,2
2.0,0.0819999999999999,0.66,11.64,0.03865979381443299,0.4,0.09211053263916699,2
2.0,0.0819999999999999,0.66,11.64,0.03865979381443299,0.4,0.09211053263916699,2
1.7,0.074,0.52,8.93,0.023516237402015677,0.38461538461538464,0.09530497592295345,1
1.7,0.074,0.52,8.93,0.023516237402015677,0.38461538461538464,0.09530497592295345,1
2.2,0.084,0.67,11.200000000000001,0.03660714285714285,0.4117647058823529,0.09314903846153848,2
2.3,0.084,0.48,9.4,0.011702127659574468,0.3870967741935484,0.09920833750876842,1
2.6,0.081,0.53,9.08,0.011013215859030838,0.5172413793103449,0.10017028949213665,1
3.3,0.06,0.54,11.06,0.0406871609403255,0.40816326530612246,0.09626955475330927,1
2.2,0.094,0.49,8.45,0.027218934911242606,0.5517241379310345,0.10238907849829351,2
2.25,0.078,0.54,8.96,0.03459821428571428,0.5517241379310345,0.09819639278557114,1
2.6,0.059,0.56,8.879999999999999,0.025900900900900903,0.3333333333333333,0.11334002006018054,1
2.3,0.078,0.48,10.780000000000001,0.02968460111317254,0.23026315789473684,0.09418837675350701,1
2.6,0.059,0.56,8.879999999999999,0.025900900900900903,0.3333333333333333,0.11334002006018054,1
1.6,0.039,0.47,8.36,0.004784688995215312,0.4444444444444444,0.09435856253764305,1
1.8,0.157,1.05,8.48,0.056603773584905655,0.29411764705882354,0.09422614274258219,1
2.6,0.087,0.54,10.12,0.023715415019762848,0.12903225806451613,0.09801960392078415,1
2.0,0.422,1.17,9.09,0.056105610561056105,0.25806451612903225,0.09018939773524401,1
2.8,0.084,0.62,9.48,0.03375527426160337,0.1721311475409836,0.09415064102564102,1
2.7,0.084,0.61,9.47,0.03273495248152059,0.192,0.09415064102564102,1
1.3,0.034,0.62,5.569999999999999,0.0035906642728904853,0.4090909090909091,0.12901925209152304,2
2.1,0.066,0.67,7.65,0.00261437908496732,0.32,0.09526674689129563,2
3.2,0.087,0.53,10.015,0.02795806290564154,0.25,0.096990300969903,1
2.1,0.071,0.62,12.180000000000001,0.0451559934318555,0.2631578947368421,0.10815141197676749,2
2.9,0.076,0.57,11.62,0.03700516351118761,0.29545454545454547,0.10116185897435898,2
2.1,0.066,0.67,7.65,0.00261437908496732,0.32,0.09526674689129563,2
2.1,0.067,0.67,7.64,0.002617801047120419,0.391304347826087,0.09428284854563691,2
2.6,0.073,0.7,7.88,0.06091370558375634,0.2619047619047619,0.09626955475330927,1
1.6,0.078,0.54,9.865,0.0040547389761784085,0.2857142857142857,0.0971943887775551,1
6.0,0.073,0.49,9.435,0.01589825119236884,0.2037037037037037,0.0990990990990991,1
2.0,0.093,0.47,7.78,0.010282776349614395,0.5263157894736842,0.1004419445560466,1
3.0,0.077,0.51,7.890000000000001,0.024081115335868188,0.43243243243243246,0.1053582179409994,1
2.5,0.068,0.61,8.345,0.01437986818454164,0.3142857142857143,0.11646586345381525,2
2.8,0.08,0.57,11.625,0.036989247311827955,0.25,0.10115172759138706,1
3.0,0.093,0.61,9.465,0.03592181722134179,0.14285714285714285,0.09501900380076016,1
2.6,0.078,0.51,10.64,0.026315789473684213,0.2727272727272727,0.09819639278557114,1
2.6,0.079,0.57,8.06,0.013647642679900743,0.24489795918367346,0.10032102728731943,1
2.0,0.0819999999999999,0.44,8.96,0.004464285714285714,0.45454545454545453,0.09623095429029671,1
3.9,0.086,0.54,7.76,0.0,0.37777777777777777,0.09522854851643946,1
2.0,0.0819999999999999,0.44,8.96,0.004464285714285714,0.45454545454545453,0.09623095429029671,1
2.85,0.094,0.53,9.38,0.025586353944562896,0.330188679245283,0.09216589861751152,1
2.2,0.053,1.62,7.409999999999999,0.04048582995951417,0.28346456692913385,0.09533366783743101,1
3.0,0.077,0.55,9.66,0.017598343685300208,0.38461538461538464,0.10425020048115477,1
2.8,0.084,0.72,8.82,0.01020408163265306,0.3673469387755102,0.1110666399839904,2
1.8,0.067,0.68,6.970000000000001,0.002869440459110473,0.36363636363636365,0.09528585757271815,1
1.8,0.067,0.68,6.970000000000001,0.002869440459110473,0.36363636363636365,0.09528585757271815,1
3.2,0.071,0.49,7.265000000000001,0.004129387474191328,0.46551724137931033,0.12763819095477388,2
2.3,0.387,0.67,10.05,0.06567164179104477,0.32432432432432434,0.09617311160088159,1
3.45,0.088,0.52,9.775,0.01329923273657289,0.2857142857142857,0.11506904142485493,1
2.1,0.092,0.47,8.135,0.0036877688998156115,0.5263157894736842,0.09632751354605659,1
2.7,0.0819999999999999,0.6,7.45,0.045637583892617455,0.2222222222222222,0.09519038076152304,1
2.0,0.075,0.62,8.26,0.02421307506053269,0.23076923076923078,0.09312105737458698,1
2.1,0.1119999999999999,0.5,8.665000000000001,0.011540680900173109,0.5,0.09535280537990566,1
2.5,0.093,0.65,8.79,0.0,0.3275862068965517,0.09298140371925616,2
2.4,0.088,0.6,9.69,0.0,0.5,0.0930930930930931,1
4.2,0.075,0.68,9.06,0.03200883002207505,0.75,0.1154039136979428,2
2.6,0.078,0.57,9.729999999999999,0.024665981500513877,0.2014388489208633,0.09520182787509521,1
2.7,0.095,0.51,11.49,0.04699738903394256,0.2079207920792079,0.09499050094990501,1
2.1,0.07,0.73,7.81,0.023047375160051217,0.42857142857142855,0.09522091251703953,2
2.5,0.08,0.47,8.54,0.04449648711943795,0.21052631578947367,0.09019843656043294,2
2.1,0.071,0.72,7.7,0.023376623376623374,0.3870967741935484,0.09622998967532402,2
2.1,0.07,0.73,7.81,0.023047375160051217,0.42857142857142855,0.09522091251703953,2
2.9,0.089,0.55,8.950000000000001,0.011173184357541898,0.425,0.09518751941324409,1
2.5,0.0969999999999999,0.61,8.14,0.01597051597051597,0.36363636363636365,0.09420253545122012,1
2.9,0.089,0.55,8.950000000000001,0.011173184357541898,0.425,0.09518751941324409,1
1.7,0.415,1.06,8.28,0.08212560386473432,0.4375,0.09131412057477722,2
1.9,0.0579999999999999,0.43,8.709999999999999,0.008036739380022964,0.46808510638297873,0.1075106757096207,2
2.0,0.057,0.46,7.279999999999999,0.0013736263736263737,0.45454545454545453,0.11257639112254743,2
2.2,0.084,0.5,8.969999999999999,0.0,0.3225806451612903,0.09833828369591395,1
2.2,0.084,0.5,8.969999999999999,0.0,0.3225806451612903,0.09833828369591395,1
2.5,0.092,0.52,9.22,0.022776572668112796,0.375,0.09216312873786603,1
2.8,0.075,0.57,9.58,0.026096033402922755,0.08653846153846154,0.09721484480702351,1
2.0,0.096,0.42,9.955,0.02611752887995982,0.14285714285714285,0.09625218071346929,1
1.7,0.069,0.53,9.5,0.0,0.42105263157894735,0.10029989669110642,2
2.8,0.093,0.55,9.78,0.011247443762781187,0.25,0.09510651930161781,2
3.0,0.091,0.54,9.87,0.010131712259371836,0.25,0.09510651930161781,2
2.9,0.089,0.54,9.39,0.019169329073482427,0.16216216216216217,0.09424692694860534,1
2.3,0.0819999999999999,0.53,7.6899999999999995,0.002600780234070221,0.2553191489361702,0.09724895733076676,2
1.9,0.076,0.54,8.620000000000001,0.001160092807424594,0.21875,0.09631978167516153,1
2.3,0.0819999999999999,0.53,7.6899999999999995,0.002600780234070221,0.2553191489361702,0.09724895733076676,2
2.4,0.0819999999999999,0.55,10.085,0.025780862667327712,0.16083916083916083,0.09420725596311887,1
2.3,0.0819999999999999,0.55,10.07,0.026812313803376366,0.1597222222222222,0.09420536770158947,1
1.8,0.157,0.92,8.3,0.034939759036144574,0.022727272727272728,0.09525719442494736,2
3.0,0.102,0.46,8.2,0.0,0.4375,0.10041572108529312,1
2.4,0.241,0.59,7.535,0.022561380225613804,0.3333333333333333,0.10340327276377875,2
3.4,0.079,0.61,8.73,0.034364261168384876,0.20588235294117646,0.1052230729145789,1
2.6,0.076,0.6,7.619999999999999,0.003937007874015748,0.22826086956521738,0.09825053887412903,1
2.0,0.19,0.6,7.57,0.0,0.26666666666666666,0.09430554998194149,2
2.4,0.114,0.65,6.96,0.020114942528735635,0.24324324324324326,0.09826334576665464,1
2.5,0.077,0.59,7.6899999999999995,0.0013003901170351106,0.23529411764705882,0.09824955386682173,1
2.3,0.083,0.5,10.25,0.04,0.18032786885245902,0.09517130835503908,1
2.2,0.079,0.56,10.56,0.022727272727272724,0.3275862068965517,0.10109098188369532,2
2.2,0.079,0.56,10.56,0.022727272727272724,0.3275862068965517,0.10109098188369532,2
2.9,0.099,0.52,9.23,0.018418201516793065,0.17647058823529413,0.09318637274549099,1
2.6,0.0819999999999999,0.68,7.7700000000000005,0.05534105534105534,0.21951219512195122,0.09728406948289003,2
2.9,0.084,0.54,9.440000000000001,0.018008474576271187,0.19230769230769232,0.09617503857019777,1
2.5,0.081,0.6,7.71,0.0025940337224383916,0.19540229885057472,0.09724798235500526,2
2.6,0.055,0.56,8.3,0.0,0.5384615384615384,0.10839129256616387,1
2.3,0.065,0.53,10.37,0.05207328833172614,0.2692307692307692,0.12558901246847715,2
2.6,0.132,1.18,11.690000000000001,0.025662959794696318,0.11666666666666667,0.10221874812097889,1
2.5,0.126,0.74,9.16,0.03384279475982533,0.375,0.09624446093076414,1
1.6,0.038,0.81,9.67,0.045501551189245086,0.5,0.10851435805719109,2
3.6,0.0819999999999999,0.52,9.9,0.03434343434343434,0.35714285714285715,0.10713928106538499,2
3.3,0.068,0.44,9.15,0.009836065573770491,0.47058823529411764,0.10026570411590717,1
1.7,0.044,0.94,5.685,0.0,0.16279069767441862,0.12995647969052226,2
2.5,0.114,0.66,8.26,0.009685230024213076,0.30434782608695654,0.09627920970815365,2
2.7,0.084,0.57,8.92,0.024663677130044845,0.2222222222222222,0.09931582432134187,2
2.0,0.0409999999999999,0.71,8.65,0.04508670520231214,0.4,0.12577224156319805,2
1.9,0.165,0.86,7.930000000000001,0.015132408575031524,0.3333333333333333,0.09227497943872741,1
2.8,0.07,0.55,8.08,0.038366336633663366,0.26666666666666666,0.10331718375412517,2
2.6,0.068,0.47,7.79,0.012836970474967908,0.2857142857142857,0.10546192322371989,1
2.8,0.072,0.68,13.4,0.041044776119402986,0.2916666666666667,0.10898692156941168,2
2.1,0.102,0.58,7.29,0.03292181069958847,0.5714285714285714,0.11461663750980275,1
2.8,0.103,0.76,13.01,0.0415065334358186,0.4634146341463415,0.11306897207296451,2
3.2,0.0969999999999999,0.54,9.76,0.015368852459016393,0.15254237288135594,0.09602304553092743,1
1.9,0.099,0.6,7.6850000000000005,0.0,0.4090909090909091,0.09738369174547717,1
2.1,0.048,0.74,5.32,0.0,0.38095238095238093,0.14119450551667106,2
2.0,0.076,0.64,7.24,0.017955801104972375,0.4166666666666667,0.09826531635415622,1
2.8,0.068,0.53,7.58,0.036939313984168866,0.375,0.10332858489998195,1
2.3,0.05,0.64,7.77,0.04375804375804376,0.5,0.11054165410511507,2
2.8,0.076,0.49,7.56,0.01851851851851852,0.40540540540540543,0.10740383843250621,1
2.5,0.0579999999999999,0.55,8.185,0.008552229688454491,0.5555555555555556,0.10940260157379156,1
2.1,0.071,0.77,6.510000000000001,0.012288786482334868,0.6666666666666666,0.11169698921268717,2
1.6,0.147,0.86,12.07,0.03645401822700911,0.7058823529411765,0.0991626267078008,1
2.4,0.012,0.39,6.98,0.04011461318051576,0.36,0.11810546717273682,2
2.4,0.012,0.39,6.98,0.04011461318051576,0.36,0.11810546717273682,2
1.6,0.075,0.83,10.41,0.03362151777137368,0.32142857142857145,0.1123685689060117,2
3.0,0.115,0.63,7.26,0.0,0.6774193548387096,0.1033835529815616,1
2.6,0.119,0.72,11.1,0.04054054054054054,0.5,0.10931921209933004,2
2.0,0.088,0.62,7.785,0.0449582530507386,0.09782608695652174,0.09434909163906455,1
1.8,0.081,0.66,7.04,0.029829545454545452,0.45161290322580644,0.0983057308228591,1
1.8,0.078,0.7,8.08,0.019801980198019802,0.3076923076923077,0.09922822491730982,2
1.8,0.081,0.66,7.04,0.029829545454545452,0.45161290322580644,0.0983057308228591,1
1.9,0.085,0.55,9.73,0.045220966084275435,0.4090909090909091,0.09527821238015004,1
1.9,0.085,0.55,9.73,0.045220966084275435,0.4090909090909091,0.09527821238015004,1
1.5,0.08,0.73,9.66,0.040372670807453416,0.7454545454545455,0.10938064464335889,2
1.5,0.08,0.73,9.66,0.040372670807453416,0.7454545454545455,0.10938064464335889,2
1.5,0.08,0.73,9.66,0.040372670807453416,0.7454545454545455,0.10938064464335889,2
2.5,0.073,0.78,8.459999999999999,0.040189125295508284,0.3404255319148936,0.11346065023997429,2
1.7,0.054,0.67,11.979999999999999,0.03923205342237062,0.53125,0.10633388840960617,2
2.7,0.077,0.54,7.82,0.007672634271099744,0.17647058823529413,0.09524191446273535,1
2.7,0.067,0.44,7.92,0.04040404040404041,0.28,0.1043883245673907,1
2.5,0.078,0.53,7.82,0.007672634271099744,0.20238095238095238,0.09724700739879293,1
2.6,0.077,0.54,7.835,0.00893426930440332,0.18604651162790697,0.09724505754501342,1
1.5,0.086,0.57,7.460000000000001,0.004021447721179624,0.782608695652174,0.10650911356283033,1
2.0,0.067,0.54,7.6499999999999995,0.03137254901960784,0.5833333333333334,0.10042580541495943,1
2.8,0.109,0.79,9.110000000000001,0.04390779363336992,0.4375,0.11845724496556709,2
2.1,0.064,0.57,8.415000000000001,0.0011883541295306,0.7209302325581395,0.118746918114943,2
2.1,0.068,0.65,8.315,0.0,0.8571428571428571,0.11453487787969818,2
3.1,0.1939999999999999,0.78,8.71,0.033295063145809406,0.5384615384615384,0.1205593955955634,2
4.0,0.094,0.5,9.41,0.020191285866099893,0.43478260869565216,0.10021345465842244,2
2.5,0.086,0.64,9.65,0.014507772020725389,0.3,0.10518512582144574,1
2.4,0.083,0.65,9.8,0.012244897959183673,0.2857142857142857,0.10417084017789174,2
2.5,0.072,0.56,7.37,0.0,0.5,0.11257299655245197,2
6.6,0.1119999999999999,0.68,11.6,0.02931034482758621,0.23232323232323232,0.09273200450697484,1
2.3,0.078,0.57,7.86,0.003816793893129771,0.18604651162790697,0.09724993232607801,1
1.9,0.0819999999999999,0.65,10.549999999999999,0.02180094786729858,0.5555555555555556,0.09321065608274702,2
2.3,0.078,0.57,7.86,0.003816793893129771,0.18604651162790697,0.09724993232607801,1
2.2,0.08,0.58,7.83,0.0038314176245210726,0.19318181818181818,0.09825053887412903,2
2.3,0.08,0.58,7.6899999999999995,0.0013003901170351106,0.627906976744186,0.10748367654445001,2
2.4,0.078,0.77,8.610000000000001,0.045296167247386755,0.3953488372093023,0.12569888580507624,2
2.3,0.08,0.58,7.6899999999999995,0.0013003901170351106,0.627906976744186,0.10748367654445001,2
2.4,0.078,0.77,8.610000000000001,0.045296167247386755,0.3953488372093023,0.12569888580507624,2
2.6,0.0559999999999999,0.69,9.21,0.03908794788273615,0.2564102564102564,0.11851911371808523,1
2.4,0.08,0.69,8.035,0.012445550715619166,0.48484848484848486,0.10828587470923239,2
2.4,0.08,0.69,8.035,0.012445550715619166,0.48484848484848486,0.10828587470923239,2
6.0,0.06,0.59,7.39,0.008119079837618403,0.6111111111111112,0.10841196546878139,2
2.6,0.084,0.71,7.74,0.03488372093023256,0.15384615384615385,0.11039743075070253,1
2.2,0.079,0.54,6.66,0.0,0.6666666666666666,0.11560112585444311,2
2.4,0.078,0.59,7.92,0.016414141414141416,0.5573770491803278,0.10851217747769473,2
3.8,0.132,0.57,9.680000000000001,0.04958677685950412,0.2727272727272727,0.13256073189591974,2
9.0,0.114,0.6,9.379999999999999,0.0490405117270789,0.3333333333333333,0.1091080169367674,2
2.9,0.065,0.62,10.46,0.04206500956022944,0.5,0.12239902080783353,2
2.2,0.079,0.67,8.915,0.04486819966348851,0.5,0.11958356781091728,2
1.5,0.161,0.61,6.015,0.03158769742310889,0.11290322580645161,0.1106695507822325,1
8.8,0.084,0.64,7.21,0.04299583911234397,0.5777777777777777,0.10117807340920018,2
2.2,0.081,0.72,8.76,0.03652968036529681,0.4050632911392405,0.11039743075070253,2
1.8,0.072,0.89,9.02,0.013303769401330377,0.8260869565217391,0.11858819745939862,2
2.3,0.091,0.56,10.01,0.03696303696303696,0.43478260869565216,0.10522518188924299,1
1.8,0.072,0.89,9.02,0.013303769401330377,0.8260869565217391,0.11858819745939862,2
2.3,0.055,0.8,9.07,0.029768467475192944,0.5,0.11254471642750913,1
1.9,0.064,0.87,8.82,0.04081632653061224,0.6883116883116883,0.11043733183406289,2
2.3,0.061,0.9,9.64,0.03423236514522821,0.7123287671232876,0.10221874812097889,2
2.2,0.093,0.59,9.07,0.020948180815876516,0.14666666666666667,0.0922435229004572,1
2.3,0.055,0.8,9.07,0.029768467475192944,0.5,0.11254471642750913,1
3.3,0.063,0.73,9.03,0.042081949058693245,0.5263157894736842,0.12064181445288936,2
2.0,0.074,0.65,8.01,0.0012484394506866417,0.34210526315789475,0.09824758391145687,1
1.9,0.078,0.59,8.0,0.03625,0.4393939393939394,0.09527630127369371,2
1.9,0.08,0.73,7.21,0.0013869625520110957,0.32,0.10526737914302327,1
2.3,0.06,0.72,9.100000000000001,0.041758241758241756,0.2638888888888889,0.1185417357322966,2
1.6,0.073,0.54,6.66,0.025525525525525526,0.6363636363636364,0.11465929092280615,1
5.0,0.0819999999999999,0.52,10.17,0.048180924287118974,0.5294117647058824,0.12564834546258696,2
2.6,0.092,0.64,10.53,0.037986704653371325,0.25,0.1001662760181902,2
3.8,0.09,0.64,8.600000000000001,0.0569767441860465,0.4583333333333333,0.12161048463285694,2
4.1,0.092,0.99,10.639999999999999,0.054511278195488726,0.4583333333333333,0.12030678229485188,2
2.1,0.093,0.62,8.58,0.055944055944055944,0.5,0.12473845163367134,2
1.8,0.075,0.76,9.02,0.04988913525498892,0.47619047619047616,0.11953551912568307,2
1.8,0.075,0.76,9.02,0.04988913525498892,0.47619047619047616,0.11953551912568307,2
2.1,0.093,0.62,8.58,0.055944055944055944,0.5,0.12473845163367134,2
2.2,0.0579999999999999,0.68,8.51,0.04700352526439484,0.6,0.11252210255585918,2
2.1,0.052,0.69,10.54,0.04554079696394687,0.5555555555555556,0.1216593939150194,2
1.9,0.09,0.67,8.71,0.05970149253731343,0.391304347826087,0.10436737315350032,1
2.1,0.111,0.62,9.36,0.05555555555555556,0.5,0.11349027800096417,2
2.3,0.12,0.71,6.970000000000001,0.01721664275466284,0.6944444444444444,0.11354615701524332,2
1.9,0.0579999999999999,0.85,8.97,0.030100334448160536,0.47368421052631576,0.11153761128640045,2
1.6,0.078,0.62,7.66,0.018276762402088774,0.3888888888888889,0.09338099445738615,1
2.1,0.115,0.69,7.17,0.002789400278940028,0.375,0.09532984125072752,1
1.9,0.0579999999999999,0.85,8.97,0.030100334448160536,0.47368421052631576,0.11153761128640045,2
2.1,0.0969999999999999,0.48,9.16,0.02183406113537118,0.20353982300884957,0.09224629761463106,1
2.4,0.068,0.6,9.4,0.045744680851063826,0.6304347826086957,0.12269938650306748,2
1.9,0.066,0.87,10.66,0.0450281425891182,0.6,0.10930167261642132,2
5.9,0.073,0.62,9.13,0.04490690032858707,0.5384615384615384,0.12141524012121455,2
2.1,0.083,0.52,7.61,0.03942181340341656,0.4861111111111111,0.09428284854563691,1
2.6,0.109,0.5,8.99,0.03225806451612903,0.2605042016806723,0.09118145108766446,1
3.6,0.061,0.49,7.4,0.04324324324324324,0.3103448275862069,0.11366379657198036,2
1.9,0.065,0.71,9.6,0.03125,0.47058823529411764,0.10523783751277888,2
1.9,0.079,0.62,10.36,0.0250965250965251,0.4642857142857143,0.10028883183568678,1
2.1,0.07,0.82,7.82,0.040920716112531966,0.7285714285714285,0.1297551751191937,2
1.9,0.065,0.71,9.6,0.03125,0.47058823529411764,0.10523783751277888,2
2.0,0.064,0.58,7.98,0.0,0.6363636363636364,0.11349711737409857,2
1.6,0.08,0.5,7.46,0.040214477211796246,0.5,0.09428946866881326,1
1.7,0.0969999999999999,0.49,8.09,0.014833127317676144,0.7037037037037037,0.09438130045383349,1
1.5,0.073,0.51,9.995,0.04002001000500251,0.6666666666666666,0.109486118365543,2
1.7,0.0969999999999999,0.49,8.09,0.014833127317676144,0.7037037037037037,0.09438130045383349,1
2.0,0.0819999999999999,0.48,7.4399999999999995,0.037634408602150546,0.45588235294117646,0.09428852288001284,1
2.0,0.0819999999999999,0.48,7.4399999999999995,0.037634408602150546,0.45588235294117646,0.09428852288001284,1
2.0,0.079,0.62,8.3,0.007228915662650602,0.4634146341463415,0.10130696008906988,2
1.4,0.05,0.48,9.74,0.034907597535934295,0.4,0.09140767824497258,2
1.65,0.055,0.53,7.09,0.0,0.5833333333333334,0.13009015550311612,2
2.2,0.062,0.72,7.93,0.03783102143757881,0.5,0.11558369767324991,2
1.6,0.081,0.54,8.629999999999999,0.03360370799536501,0.6,0.10341053984317743,1
1.8,0.067,0.55,7.16,0.0446927374301676,0.5,0.128928283642224,2
2.05,0.063,0.84,9.389999999999999,0.035143769968051124,0.48148148148148145,0.11756903412516578,2
2.0,0.064,0.84,9.4,0.03617021276595745,0.48,0.11756903412516578,2
3.6,0.11,0.7,9.25,0.043243243243243246,0.5,0.12054365186993339,2
1.7,0.067,0.55,9.18,0.049019607843137254,0.5833333333333334,0.12379974636149528,2
2.0,0.088,0.55,9.22,0.033622559652928416,0.631578947368421,0.10444913126443708,2
2.1,0.102,0.48,8.705,0.01723147616312464,0.34375,0.10039757439460263,1
1.6,0.092,0.58,8.21,0.0,0.7096774193548387,0.10036633713052644,2
2.0,0.12,0.58,8.58,0.018648018648018648,0.42857142857142855,0.112614877229674,2
2.2,0.068,0.75,9.280000000000001,0.043103448275862065,0.42857142857142855,0.12665098606839154,2
0.9,0.049,0.44,8.18,0.04523227383863081,0.3302752293577982,0.12827375842112174,2
1.8,0.078,0.61,7.5,0.018666666666666668,0.43478260869565216,0.10437994299249267,1
2.4,0.123,0.53,11.66,0.05660377358490566,0.375,0.11942755063125993,2
2.4,0.123,0.53,11.66,0.05660377358490566,0.375,0.11942755063125993,2
2.1,0.062,0.54,7.51,0.011984021304926764,0.4444444444444444,0.10543862467866325,1
2.3,0.098,0.55,8.52,0.04929577464788733,0.3333333333333333,0.12361063654453,2
1.8,0.088,0.56,8.28,0.001207729468599034,0.6666666666666666,0.10545556805399324,2
2.8,0.095,0.6,9.43,0.0,0.3953488372093023,0.1041854501011801,2
1.9,0.066,0.56,8.21,0.0389768574908648,0.3888888888888889,0.12680648927176846,2
2.2,0.065,0.52,7.195,0.0,0.5384615384615384,0.11672603594356899,1
1.8,0.088,0.56,8.28,0.001207729468599034,0.6666666666666666,0.10545556805399324,2
4.1,0.095,0.53,8.92,0.0,0.35714285714285715,0.0961403649328019,1
2.5,0.077,0.47,9.645,0.01866251944012442,0.3125,0.09725383250283239,2
2.4,0.085,0.65,10.469999999999999,0.032473734479465145,0.29411764705882354,0.10633708857076933,2
2.5,0.0819999999999999,0.59,7.909999999999999,0.04298356510745892,0.7428571428571429,0.12581021780264906,2
6.2,0.078,0.77,9.11,0.04500548847420417,0.5952380952380952,0.12659499648347233,2
2.2,0.088,0.83,9.4,0.02234042553191489,0.5384615384615384,0.11134293624363038,2
1.7,0.079,0.64,7.390000000000001,0.02571041948579161,0.5,0.09844596019970467,2
3.3,0.046,0.62,6.79,0.048600883652430045,0.22641509433962265,0.12286744415573951,2
1.4,0.07,0.58,7.340000000000001,0.0,0.8421052631578947,0.1146443009714596,2
1.7,0.076,0.62,8.379999999999999,0.0,0.7333333333333333,0.1074167770951291,2
1.8,0.0819999999999999,0.64,7.529999999999999,0.022576361221779553,0.5294117647058824,0.10438203826003173,1
1.7,0.081,0.78,9.790000000000001,0.03677221654749744,0.21428571428571427,0.10932579085675312,2
1.8,0.084,0.77,9.8,0.03673469387755102,0.35294117647058826,0.1083206290620236,2
1.4,0.414,1.34,8.96,0.06584821428571427,0.35555555555555557,0.09227497943872741,1
2.4,0.073,0.55,6.205,0.008058017727639002,0.76,0.12996433536843377,1
2.3,0.07,0.77,8.63,0.048667439165701036,0.45,0.1277331885020015,2
2.0,0.095,0.62,8.84,0.03054298642533937,0.06493506493506493,0.09123081395931708,2
4.0,0.1009999999999999,0.59,9.38,0.05650319829424307,0.3,0.12150302251320466,2
3.9,0.104,0.57,8.02,0.03117206982543641,0.3111111111111111,0.0911969854886555,1
2.4,0.093,0.76,10.43,0.05465004793863854,0.5769230769230769,0.11633737839735231,2
4.0,0.1009999999999999,0.59,9.38,0.05650319829424307,0.3,0.12150302251320466,2
1.8,0.074,0.7,11.83,0.0481825866441251,0.375,0.09918845807033363,2
1.8,0.071,0.69,9.5,0.05263157894736842,0.4375,0.12567613762039775,2
1.9,0.098,0.64,8.38,0.052505966587112166,0.4,0.11450381679389313,2
2.4,0.075,0.63,10.489999999999998,0.061963775023832234,0.35294117647058826,0.11851554261035505,2
2.0,0.067,0.57,8.94,0.010067114093959731,0.5,0.11869078034158806,2
2.4,0.083,0.6,8.31,0.021660649819494584,0.3,0.10237880156579343,2
2.4,0.07,0.72,7.119999999999999,0.011235955056179777,0.5,0.12580768533988204,2
2.2,0.06,0.83,11.41,0.04645048203330412,0.3,0.10946852528823363,2
2.8,0.086,0.62,8.62,0.04060324825986079,0.5384615384615384,0.10832497492477433,1
1.5,0.057,0.89,9.63,0.04672897196261682,0.5135135135135135,0.11156003135741423,2
8.1,0.098,0.58,8.27,0.024183796856106412,0.32608695652173914,0.0920994674248188,1
2.7,0.088,0.58,8.62,0.038283062645011606,0.43243243243243246,0.10730044123545929,2
2.0,0.073,0.73,10.22,0.05479452054794521,0.375,0.1145337271686057,2
6.4,0.08,0.58,8.969999999999999,0.07246376811594205,0.375,0.1102016690543695,1
8.3,0.05,0.51,8.200000000000001,0.08292682926829267,0.13489208633093525,0.123847114261549,2
8.3,0.05,0.51,8.200000000000001,0.08292682926829267,0.12975778546712802,0.123847114261549,2
1.8,0.073,0.59,7.58,0.039577836411609495,0.44285714285714284,0.095300195616191,2
2.4,0.072,0.77,9.12,0.0493421052631579,0.5423728813559322,0.1204613670357469,2
1.8,0.074,0.49,7.279999999999999,0.01098901098901099,0.625,0.09645429975183113,1
4.7,0.055,0.66,8.84,0.04524886877828055,0.3333333333333333,0.1163047183621087,2
1.6,0.057,0.69,8.09,0.0519159456118665,0.6,0.11267605633802816,2
1.5,0.095,0.76,12.01,0.04496253122398002,0.5365853658536586,0.09926304707474809,2
1.5,0.095,0.76,12.01,0.04496253122398002,0.5365853658536586,0.09926304707474809,2
1.9,0.083,0.63,10.26,0.052631578947368425,0.5675675675675675,0.11865139616494556,2
2.0,0.086,0.6,8.24,0.050970873786407765,0.42105263157894735,0.11451992043879212,2
2.0,0.081,0.59,7.54,0.011936339522546418,0.625,0.11560228792006354,2
2.2,0.079,0.86,9.51,0.03785488958990536,0.3548387096774194,0.12046378557446168,2
5.5,0.1169999999999999,0.49,7.324999999999999,0.012286689419795223,0.5294117647058824,0.10837388992022479,2
5.5,0.1169999999999999,0.49,7.324999999999999,0.012286689419795223,0.5294117647058824,0.10837388992022479,2
1.5,0.096,0.52,9.12,0.04166666666666667,0.2777777777777778,0.09431501214054944,1
2.1,0.072,0.78,8.74,0.04805491990846682,0.6388888888888888,0.12475853187379266,2
2.1,0.071,0.63,7.890000000000001,0.034220532319391636,0.56,0.1207389222038878,2
2.1,0.071,0.63,7.890000000000001,0.034220532319391636,0.56,0.1207389222038878,2
2.2,0.073,0.66,8.48,0.04009433962264151,0.64,0.1247987117552335,2
2.1,0.048,0.6,6.87,0.040756914119359534,0.2653061224489796,0.1288063276108439,1
2.0,0.068,0.85,9.4,0.04361702127659574,0.4166666666666667,0.11756076484832652,2
3.3,0.09,0.49,8.879999999999999,0.011261261261261262,0.3076923076923077,0.09513795002753993,1
2.1,0.171,0.76,11.270000000000001,0.03815439219165927,0.4090909090909091,0.1081947505509918,2
1.4,0.07,0.64,8.83,0.0,0.42857142857142855,0.10040866325946603,2
2.0,0.092,0.64,5.82,0.04639175257731959,0.41818181818181815,0.12365413034954913,2
1.5,0.0559999999999999,0.71,8.23,0.04981773997569866,0.17142857142857143,0.11066843736166446,2
4.3,0.046,0.66,5.4,0.09259259259259259,0.3625,0.1373459907089477,2
2.5,0.091,0.6,7.6899999999999995,0.009102730819245775,0.7142857142857143,0.11348571887679267,2
2.5,0.091,0.6,7.6899999999999995,0.009102730819245775,0.7142857142857143,0.11348571887679267,2
2.5,0.091,0.6,7.6899999999999995,0.009102730819245775,0.7142857142857143,0.11348571887679267,2
2.1,0.065,0.53,7.489999999999999,0.01602136181575434,0.5833333333333334,0.1340023374843832,2
2.5,0.066,0.58,6.26,0.0,0.4666666666666667,0.1299669541387926,1
2.5,0.076,0.72,8.440000000000001,0.04028436018957346,0.47058823529411764,0.13200987554794177,2
1.4,0.055,0.48,6.77,0.0,0.8181818181818182,0.12396694214876035,2
1.7,0.055,0.59,9.040000000000001,0.038716814159292026,0.48148148148148145,0.11368895506771032,2
2.9,0.072,0.6,7.06,0.0,0.5,0.11571861258414756,2
2.7,0.095,0.68,10.43,0.031639501438159155,0.3146067415730337,0.10016025641025642,1
1.9,0.0579999999999999,0.63,9.7,0.0,0.5,0.10423975142828507,2
1.8,0.075,0.88,7.760000000000001,0.04381443298969072,0.47368421052631576,0.1369173462196718,2
5.5,0.089,0.68,7.68,0.009114583333333334,0.5555555555555556,0.11235504193250671,2
1.7,0.061,0.74,8.78,0.03986332574031891,0.4,0.11856436638398779,2
1.7,0.067,0.6,8.25,0.052121212121212124,0.44,0.11964608887995175,2
2.0,0.08,0.76,10.92,0.04120879120879121,0.46153846153846156,0.1142582235853028,2
3.7,0.104,0.58,7.91,0.01896333754740834,0.30851063829787234,0.09119515763734391,1
2.0,0.079,0.64,8.709999999999999,0.027554535017221587,0.18604651162790697,0.09522473036365824,2
1.7,0.08,0.65,7.7,0.03896103896103896,0.4177215189873418,0.09529541578894574,2
2.5,0.08,0.85,8.58,0.037296037296037296,0.3380281690140845,0.11041516100538022,2
2.4,0.043,0.65,7.3500000000000005,0.014965986394557823,0.5,0.1147412283350444,2
1.8,0.065,0.82,7.22,0.04155124653739612,0.8,0.1003290793803676,2
2.3,0.066,0.62,7.62,0.030183727034120734,0.5,0.10141784150700887,1
2.5,0.076,0.81,8.399999999999999,0.051190476190476196,0.6078431372549019,0.10434224255558232,2
1.8,0.178,0.87,8.3,0.014457831325301203,0.2857142857142857,0.09839357429718876,2
6.2,0.071,0.49,10.41,0.043227665706051875,0.42857142857142855,0.11835269101923733,2
2.0,0.086,0.66,8.19,0.05128205128205128,0.42857142857142855,0.11655245865402004,2
2.0,0.061,0.52,10.35,0.04541062801932367,0.5454545454545454,0.12050007531254707,2
2.5,0.044,0.65,6.68,0.0344311377245509,0.22857142857142856,0.12581528303406073,2
2.2,0.118,0.53,8.9,0.028089887640449437,0.23684210526315788,0.09837777063925474,1
2.1,0.083,0.66,10.02,0.03493013972055888,0.4473684210526316,0.11142117203027443,2
2.2,0.118,0.53,8.9,0.028089887640449437,0.23684210526315788,0.09837777063925474,1
1.75,0.071,0.76,8.68,0.0587557603686636,0.5113636363636364,0.11856436638398779,2
2.1,0.042,0.87,5.609999999999999,0.03208556149732621,0.15841584158415842,0.12998790810157196,2
2.3,0.075,0.71,8.82,0.047619047619047616,0.631578947368421,0.11867168171852686,2
1.7,0.078,0.67,9.785,0.024527337761880427,0.47619047619047616,0.10030895157083819,1
2.5,0.074,0.88,8.53,0.04572098475967175,0.6041666666666666,0.12458805562253837,2
2.8,0.067,0.56,6.84,0.03947368421052632,0.18181818181818182,0.12074378169524269,2
2.3,0.086,0.62,8.1,0.03580246913580247,0.35714285714285715,0.11557556632027498,2
1.6,0.062,0.67,9.559999999999999,0.035564853556485365,0.4166666666666667,0.10535081822468821,2
2.1,0.074,0.74,10.12,0.04545454545454546,0.3125,0.12343325070999209,2
1.7,0.079,0.62,7.96,0.038944723618090454,0.4,0.0952705684142966,2
1.7,0.079,0.62,7.96,0.038944723618090454,0.4,0.0952705684142966,2
2.2,0.095,0.7,7.11,0.0,0.8135593220338984,0.11553028400357641,2
5.6,0.079,0.5,7.38,0.004065040650406504,0.48936170212765956,0.1124814204796529,1
2.1,0.0409999999999999,0.73,6.515,0.0,0.21794871794871795,0.11475046806111973,1
2.4,0.076,0.81,8.549999999999999,0.038596491228070184,0.23404255319148937,0.11044287593248928,2
1.65,0.068,0.46,10.190000000000001,0.04219823356231599,0.45454545454545453,0.11459820261766421,1
1.6,0.07,0.6,7.46,0.009383378016085792,0.26229508196721313,0.09339975093399752,1
2.1,0.08,0.7,7.34,0.03133514986376022,0.09243697478991597,0.10950591733810203,1
2.1,0.08,0.7,7.34,0.03133514986376022,0.09243697478991597,0.10950591733810203,1
1.8,0.075,0.44,9.755,0.005125576627370579,0.2631578947368421,0.09637006103437198,1
4.6,0.08,0.57,9.5,0.06,0.3,0.12543651908642076,2
2.3,0.166,0.51,7.385,0.0,0.5,0.10848710711092809,1
2.5,0.063,0.8,7.45,0.04966442953020134,0.2682926829268293,0.1246995645571657,2
1.8,0.114,0.59,7.745,0.015493867010974821,0.234375,0.09539301923926578,2
1.8,0.078,0.6,6.63,0.033182503770739065,0.375,0.09534993425872954,2
1.5,0.069,0.54,8.27,0.02539298669891173,0.4444444444444444,0.09853405457580085,2
2.0,0.052,0.79,7.96,0.032663316582914576,0.24675324675324675,0.10953672997688675,2
2.3,0.076,0.58,8.48,0.027122641509433963,0.24468085106382978,0.09529923961238289,2
1.5,0.069,0.54,8.27,0.02539298669891173,0.4444444444444444,0.09853405457580085,2
1.9,0.065,0.54,8.24,0.04368932038834951,0.5,0.11265452277733631,2
1.8,0.068,0.69,9.02,0.04323725055432373,0.5,0.11756903412516578,2
5.8,0.111,0.55,10.64,0.017857142857142856,0.4342105263157895,0.09411482008049821,1
2.1,0.074,0.85,7.5600000000000005,0.06084656084656084,0.5454545454545454,0.11051499989953181,2
2.1,0.074,0.85,7.5600000000000005,0.06084656084656084,0.5454545454545454,0.11051499989953181,2
1.7,0.136,0.94,10.620000000000001,0.051789077212806026,0.46153846153846156,0.10024861656909136,1
2.1,0.074,0.85,7.5600000000000005,0.06084656084656084,0.5454545454545454,0.11051499989953181,2
2.0,0.071,0.87,6.59,0.06525037936267071,0.5833333333333334,0.1126443255421008,2
2.1,0.078,0.62,7.45,0.0026845637583892616,0.5333333333333333,0.10452471406460433,2
2.1,0.078,0.62,7.45,0.0026845637583892616,0.5333333333333333,0.10452471406460433,2
1.9,0.081,0.48,10.53,0.04368471035137702,0.6666666666666666,0.1043883245673907,2
2.0,0.079,0.69,8.47,0.03659976387249114,0.12658227848101267,0.09530784433720918,2
1.3,0.044,0.83,9.39,0.042598509052183174,0.5,0.10957196566074912,2
1.8,0.132,0.77,11.22,0.0463458110516934,0.38636363636363635,0.11530671586419877,2
1.8,0.132,0.77,11.22,0.0463458110516934,0.38636363636363635,0.11530671586419877,2
2.5,0.08,0.82,12.99,0.037721324095458045,0.4,0.10308246597277823,2
2.6,0.091,0.51,9.66,0.02380952380952381,0.23376623376623376,0.09407337723424271,1
4.1,0.08,0.47,8.08,0.0037128712871287127,0.5869565217391305,0.09237689774279058,1
2.0,0.104,0.72,9.58,0.026096033402922755,0.38095238095238093,0.09622227345167338,1
1.8,0.044,0.73,5.52,0.0,0.20454545454545456,0.1371562269935557,2
2.1,0.075,0.64,8.03,0.0361145703611457,0.2878787878787879,0.09526865761447281,1
2.7,0.066,0.78,7.88,0.043147208121827416,0.25862068965517243,0.11862873228108978,2
2.6,0.074,0.62,8.615,0.0011607661056297156,0.5333333333333333,0.10841087722468155,1
2.1,0.075,0.64,8.03,0.0361145703611457,0.2878787878787879,0.09526865761447281,1
2.2,0.059,0.4,7.85,0.0012738853503184715,0.6111111111111112,0.12897765059148344,2
1.7,0.07,0.64,8.35,0.0,0.4117647058823529,0.09432163678142466,2
2.2,0.059,0.4,7.85,0.0012738853503184715,0.6111111111111112,0.12897765059148344,2
2.5,0.081,0.46,8.83,0.0,0.5,0.09619431251127278,1
4.3,0.057,0.56,7.17,0.0,0.55,0.1186072692183982,1
1.7,0.076,0.4,8.11,0.024660912453760793,0.6,0.09347297324461777,1
2.4,0.0819999999999999,0.62,8.860000000000001,0.024830699774266364,0.11627906976744186,0.0951617750175298,1
1.8,0.0819999999999999,0.68,7.95,0.023899371069182388,0.4411764705882353,0.10536350408910741,1
1.7,0.086,0.48,8.14,0.0085995085995086,0.3125,0.10050049245241302,1
2.3,0.079,0.61,7.699999999999999,0.001298701298701299,0.6486486486486487,0.1095323271097534,2
2.2,0.077,0.59,8.08,0.017326732673267328,0.45,0.09836394660242899,1
1.8,0.123,0.58,7.819999999999999,0.0,0.42857142857142855,0.09836690856896223,1
1.4,0.096,0.58,8.56,0.0,0.46153846153846156,0.09541122236840784,1
1.9,0.079,0.69,8.5,0.007058823529411764,0.5714285714285714,0.109406994017746,1
1.8,0.0819999999999999,0.42,8.09,0.02719406674907293,0.7166666666666667,0.09246324083659131,1
4.8,0.085,0.7,7.58,0.036939313984168866,0.17391304347826086,0.11040518703642367,2
2.7,0.123,0.63,7.4399999999999995,0.0,0.45454545454545453,0.11352448311197734,2
1.8,0.4029999999999999,1.15,9.235,0.07363291824580402,0.3392857142857143,0.09334350409506988,1
2.0,0.083,0.55,7.32,0.0,0.7083333333333334,0.11263413015276003,1
2.5,0.081,0.58,10.25,0.037073170731707315,0.5151515151515151,0.09826925776627961,1
1.8,0.066,0.72,8.87,0.03607666290868095,0.5098039215686274,0.11864543114543115,2
2.3,0.081,0.6,7.7700000000000005,0.006435006435006435,0.4444444444444444,0.10345104656301475,2
2.3,0.081,0.6,7.7700000000000005,0.006435006435006435,0.4444444444444444,0.10345104656301475,2
2.3,0.068,0.87,10.83,0.04616805170821791,0.6842105263157895,0.11445783132530121,2
2.0,0.079,0.55,7.3100000000000005,0.04240766073871409,0.4117647058823529,0.09531645061604527,2
1.6,0.048,0.75,5.38,0.001858736059479554,0.43333333333333335,0.14129425537927415,2
1.6,0.049,0.57,7.74,0.02583979328165375,0.375,0.11776547559134372,2
1.9,0.077,0.53,6.36,0.0,0.5681818181818182,0.1126930623333501,1
2.0,0.073,0.43,8.08,0.024752475247524754,0.7727272727272727,0.09347297324461777,1
2.1,0.102,0.53,8.379999999999999,0.015513126491646781,0.4722222222222222,0.11263073209975864,2
2.3,0.075,0.54,8.715,0.025243832472748137,0.16049382716049382,0.09529732766230639,2
6.3,0.05,0.56,8.9,0.0449438202247191,0.3,0.12052307012433963,1
1.9,0.114,0.6,7.6899999999999995,0.0,0.3,0.0973543699064595,2
2.3,0.075,0.54,8.715,0.025243832472748137,0.16049382716049382,0.09529732766230639,2
1.7,0.062,0.57,10.100000000000001,0.038613861386138607,0.3333333333333333,0.11560112585444311,2
1.9,0.077,0.64,7.56,0.026455026455026457,0.5185185185185185,0.10445962233828847,2
1.9,0.077,0.64,7.56,0.026455026455026457,0.5185185185185185,0.10445962233828847,2
2.0,0.084,0.68,8.665000000000001,0.0,0.4090909090909091,0.10941687830634718,2
2.7,0.096,0.63,9.33,0.030010718113612007,0.2463768115942029,0.10227204363607194,2
2.3,0.071,0.56,7.42,0.02560646900269542,0.5,0.10957416864369296,1
1.8,0.09,0.57,11.67,0.04284490145672665,0.425531914893617,0.10528004491948582,1
4.5,0.068,1.17,7.6,0.039473684210526314,0.18181818181818182,0.10208779550413355,1
4.5,0.068,1.17,7.6,0.039473684210526314,0.18181818181818182,0.10208779550413355,1
1.9,0.1,0.59,8.34,0.0,0.5,0.11052943599843248,1
2.1,0.073,0.75,8.834999999999999,0.011318619128466328,0.4166666666666667,0.10939601356912021,2
2.4,0.0559999999999999,0.67,6.295,0.020651310563939637,0.5,0.12479619975443329,2
4.3,0.093,0.45,7.2299999999999995,0.0,0.6580645161290323,0.09542176419775407,1
2.1,0.064,0.61,7.73,0.01811125485122898,0.5172413793103449,0.12182475358174844,2
1.4,0.063,0.56,6.3,0.0,0.6111111111111112,0.12299502979100926,2
2.1,0.1369999999999999,0.4,9.18,0.0,0.5555555555555556,0.10957416864369296,1
2.15,0.08,0.61,5.845000000000001,0.0,0.5357142857142857,0.12569888580507624,2
2.0,0.1,0.74,7.5600000000000005,0.009259259259259259,0.3508771929824561,0.1174722383983614,2
2.1,0.064,0.8,9.469999999999999,0.033790918690601905,0.26666666666666666,0.11247690206475455,2
2.3,0.087,0.44,8.39,0.02502979737783075,0.3088235294117647,0.09241587142139628,1
1.9,0.073,0.53,8.11,0.03205918618988903,0.2727272727272727,0.0983817210777818,1
2.5,0.088,0.62,10.389999999999999,0.03079884504331088,0.24175824175824176,0.10121254634732939,1
1.4,0.071,0.61,7.62,0.013123359580052493,0.42857142857142855,0.09236947791164658,1
3.0,0.064,0.59,7.01,0.021398002853067047,0.4444444444444444,0.12891529862020346,2
1.9,0.083,0.47,9.18,0.02287581699346405,0.34146341463414637,0.10549371056544629,1
2.0,0.083,0.58,8.13,0.033210332103321034,0.18681318681318682,0.09837777063925474,2
1.2,0.0409999999999999,0.59,6.140000000000001,0.0,0.34782608695652173,0.12593443349654435,2
1.7,0.414,1.33,9.86,0.06896551724137932,0.28125,0.09131778589491431,2
1.2,0.0409999999999999,0.59,5.74,0.0,0.34782608695652173,0.12593443349654435,2
1.8,0.0579999999999999,0.55,9.44,0.04449152542372881,0.5,0.1146973599484868,1
1.7,0.077,0.6,7.16,0.0335195530726257,0.5294117647058824,0.10655408122235625,2
1.7,0.077,0.6,7.16,0.0335195530726257,0.5294117647058824,0.10655408122235625,2
1.7,0.077,0.6,7.16,0.0335195530726257,0.5294117647058824,0.10655408122235625,2
1.7,0.077,0.6,7.16,0.0335195530726257,0.5294117647058824,0.10655408122235625,2
1.8,0.073,0.52,7.02,0.01566951566951567,0.34210526315789475,0.09342039176293321,1
2.1,0.083,0.56,8.0,0.0325,0.18681318681318682,0.09837777063925474,2
2.1,0.083,0.56,8.0,0.0325,0.18681318681318682,0.09837777063925474,2
3.8,0.107,0.46,8.67,0.029988465974625147,0.4626865671641791,0.09230645743869648,1
1.7,0.075,0.43,8.790000000000001,0.011376564277588168,0.24,0.09740814010704853,2
2.2,0.079,0.51,9.875,0.022278481012658228,0.25,0.09623095429029671,1
2.0,0.166,0.52,8.035,0.0,0.36363636363636365,0.10039354268733436,1
2.4,0.069,0.66,7.18,0.002785515320334262,0.475,0.12677714389205832,2
1.4,0.057,0.45,6.5,0.0,0.5769230769230769,0.09552731075536963,1
1.4,0.057,0.45,6.5,0.0,0.5769230769230769,0.09552731075536963,1
1.4,0.057,0.45,6.5,0.0,0.5769230769230769,0.09552731075536963,1
1.7,0.084,0.54,8.01,0.0024968789013732834,0.41935483870967744,0.10548735156422671,2
1.7,0.084,0.54,8.01,0.0024968789013732834,0.41935483870967744,0.10548735156422671,2
1.7,0.084,0.54,8.01,0.0024968789013732834,0.41935483870967744,0.10548735156422671,2
1.7,0.084,0.54,8.01,0.0024968789013732834,0.41935483870967744,0.10548735156422671,2
2.6,0.077,0.53,11.92,0.040268456375838924,0.4,0.11016304130112567,1
2.3,0.063,0.53,8.639999999999999,0.02777777777777778,0.35714285714285715,0.10239627357874975,2
2.1,0.0559999999999999,0.56,6.6899999999999995,0.0014947683109118087,0.38461538461538464,0.11460511500723822,1
1.8,0.078,0.39,7.855,0.003819223424570337,0.5833333333333334,0.09539397712552843,1
2.3,0.065,0.51,7.82,0.001278772378516624,0.17391304347826086,0.11879354085289737,2
1.9,0.086,0.46,8.245,0.0036385688295936932,0.24561403508771928,0.10332029290801485,1
1.8,0.086,0.44,6.42,0.03894080996884735,0.15625,0.10154427732646988,1
1.8,0.084,0.44,6.4399999999999995,0.03881987577639752,0.14285714285714285,0.10154427732646988,1
2.5,0.078,0.59,7.7299999999999995,0.031047865459249677,0.40298507462686567,0.11139210019267823,2
5.4,0.168,0.5,8.040000000000001,0.02114427860696517,0.5306122448979592,0.09525146386460255,1
1.4,0.091,0.65,12.075,0.033126293995859216,0.21428571428571427,0.10063120169033639,2
2.5,0.093,0.54,9.15,0.015300546448087433,0.24074074074074073,0.1012795315069592,1
1.4,0.091,0.65,12.075,0.033126293995859216,0.21428571428571427,0.10063120169033639,2
1.9,0.096,0.53,7.805,0.002562459961563101,0.3225806451612903,0.11859296482412061,2
1.7,0.094,0.5,8.04,0.009950248756218907,0.2222222222222222,0.09841728930666024,1
2.2,0.088,1.18,7.44,0.04032258064516129,0.08571428571428572,0.10528954625219353,2
2.1,0.079,0.5,8.77,0.036488027366020526,0.21621621621621623,0.09833828369591395,2
1.7,0.415,1.17,9.479999999999999,0.05379746835443039,0.18181818181818182,0.09234815253505717,1
3.1,0.153,1.03,8.08,0.06930693069306931,0.35714285714285715,0.11661104185934296,2
1.7,0.415,1.17,9.479999999999999,0.05379746835443039,0.18181818181818182,0.09234815253505717,1
1.4,0.086,0.46,9.084999999999999,0.022014309301045684,0.22580645161290322,0.10054293183189222,1
2.0,0.078,0.51,7.65,0.0196078431372549,0.35714285714285715,0.09938860946300034,2
2.6,0.077,0.62,8.07,0.0024783147459727386,0.3142857142857143,0.10848056892031702,2
2.6,0.077,0.62,8.07,0.0024783147459727386,0.3142857142857143,0.10848056892031702,2
2.1,0.08,0.49,8.6,0.02558139534883721,0.23809523809523808,0.09938461847349242,1
2.1,0.08,0.49,8.6,0.02558139534883721,0.23809523809523808,0.09938461847349242,1
1.8,0.107,0.5,7.8549999999999995,0.019096117122851686,0.23809523809523808,0.09538823009649273,1
3.4,0.076,0.42,8.81,0.028376844494892167,0.4,0.09230645743869648,1
1.8,0.1,0.58,8.040000000000001,0.008706467661691543,0.34782608695652173,0.09637586587691999,1
6.1,0.083,0.68,7.239999999999999,0.04281767955801105,0.14285714285714285,0.10329128141358633,1
2.3,0.068,0.59,6.49,0.0,0.45454545454545453,0.12589131047818555,2
2.4,0.094,0.58,8.64,0.02546296296296296,0.15151515151515152,0.11042846243424487,1
1.3,0.07,0.48,7.72,0.007772020725388601,0.4166666666666667,0.09857171595252465,1
2.0,0.078,0.48,8.52,0.029342723004694836,0.3220338983050847,0.10239730152993615,1
1.6,0.092,0.65,9.285,0.010770059235325796,0.25,0.09574414757631962,2
1.6,0.09,0.65,9.375,0.010666666666666668,0.36363636363636365,0.09574414757631962,1
2.0,0.08,0.52,7.89,0.032953105196451206,0.16346153846153846,0.09941356041131107,1
2.2,0.068,0.72,7.87,0.0,0.4166666666666667,0.11149055845721173,2
2.1,0.08,0.51,8.59,0.024447031431897553,0.23404255319148937,0.0993776350130496,1
2.0,0.052,0.82,7.8999999999999995,0.053164556962025315,0.25,0.11944193516009236,2
1.7,0.061,1.1,7.53,0.043824701195219126,0.23076923076923078,0.10040160642570281,2
2.6,0.0819999999999999,0.62,8.5,0.04588235294117647,0.2608695652173913,0.1071607411116675,2
5.1,0.062,0.94,8.44,0.040284360189573466,0.36363636363636365,0.10928413876077803,2
2.1,0.064,0.93,6.51,0.0,0.7407407407407407,0.10753768844221105,2
2.2,0.048,1.01,8.389999999999999,0.04290822407628129,0.660377358490566,0.12462311557788945,2
2.1,0.064,0.93,6.51,0.0,0.7407407407407407,0.10753768844221105,2
1.8,0.0819999999999999,0.44,7.56,0.0,0.3125,0.11976650563607086,2
2.4,0.071,0.73,6.87,0.05822416302765648,0.42105263157894735,0.10639365652915789,2
5.1,0.062,0.94,8.44,0.040284360189573466,0.36363636363636365,0.10928413876077803,2
2.0,0.104,0.9,10.47,0.02387774594078319,0.1348314606741573,0.10137508782495232,1
2.2,0.077,0.78,10.32,0.05717054263565891,0.2,0.09605763458074845,1
1.6,0.065,0.84,6.78,0.0,0.4444444444444444,0.09432069034718041,1
2.2,0.077,0.78,10.32,0.05717054263565891,0.2,0.09605763458074845,1
2.5,0.064,0.77,7.64,0.043193717277486915,0.5675675675675675,0.12158360128617364,2
1.6,0.077,0.46,8.33,0.0012004801920768306,0.15789473684210525,0.0984924623115578,1
2.2,0.077,0.45,8.34,0.025179856115107913,0.24060150375939848,0.09943752511048613,1
1.6,0.077,0.46,8.33,0.0012004801920768306,0.15789473684210525,0.0984924623115578,1
1.6,0.079,0.58,7.9,0.022784810126582275,0.41379310344827586,0.09433015554440541,1
2.1,0.079,0.84,7.54,0.0,0.7090909090909091,0.11450381679389313,2
3.9,0.123,0.67,6.930000000000001,0.012987012987012986,0.45161290322580644,0.11035313001605136,1
2.5,0.078,0.58,8.01,0.04119850187265918,0.2608695652173913,0.11248367982323991,1
1.9,0.072,0.63,8.44,0.0,0.4909090909090909,0.11041959445894399,1
2.2,0.049,0.93,8.08,0.04950495049504951,0.5671641791044776,0.11345381526104419,1
1.8,0.066,0.62,7.8100000000000005,0.03072983354673495,0.3829787234042553,0.10445962233828847,1
2.1,0.069,0.54,8.03,0.038605230386052306,0.17567567567567569,0.09941755372564773,2
1.8,0.069,0.74,6.5,0.024615384615384615,0.44,0.10145655449522852,2
15.4,0.214,0.77,10.739999999999998,0.03445065176908753,0.5789473684210527,0.08966912094371768,2
1.6,0.1689999999999999,0.65,10.38,0.036608863198458574,0.3,0.0850731629201113,1
4.8,0.07,0.54,7.715,0.037589112119248216,0.38461538461538464,0.1114715245488416,1
1.7,0.052,0.47,7.59,0.0,0.375,0.1034136546184739,1
2.2,0.072,0.68,7.97,0.0025094102885821834,0.33695652173913043,0.11114905355911353,2
1.75,0.0579999999999999,0.49,7.48,0.026737967914438502,0.36363636363636365,0.11779867501661263,1
5.2,0.094,0.52,8.185,0.023213194868662187,0.19387755102040816,0.0962763130183627,2
1.9,0.08,0.74,7.47,0.0,0.5641025641025641,0.09729089979037321,1
2.0,0.0559999999999999,0.76,7.58,0.040897097625329816,0.5172413793103449,0.11359980698085893,2
2.0,0.062,0.73,7.57,0.04227212681638045,0.5357142857142857,0.11360209108273851,2
2.7,0.104,0.78,8.12,0.054187192118226604,0.47058823529411764,0.11029559218706132,2
2.0,0.062,0.76,7.18,0.002785515320334262,0.6981132075471698,0.11673073439732727,2
2.2,0.073,0.69,12.149999999999999,0.05185185185185186,0.30434782608695654,0.10902834737031629,2
1.6,0.052,0.63,7.4,0.0,0.5294117647058824,0.10958408316326017,2
1.9,0.074,0.58,8.09,0.0407911001236094,0.3176470588235294,0.09026538021784045,1
1.7,0.067,0.6,8.69,0.04602991944764097,0.4,0.10541851149061775,1
1.7,0.054,0.8,8.1,0.043209876543209874,0.4666666666666667,0.11964849484204389,2
2.3,0.054,0.68,6.82,0.013196480938416421,0.53125,0.10428783442300751,2
2.1,0.06,0.61,6.985,0.0,0.46153846153846156,0.10033713276609409,1
2.4,0.076,0.53,7.53,0.0013280212483399733,0.358974358974359,0.10851871947911015,2
1.7,0.063,0.67,7.39,0.013531799729364007,0.6415094339622641,0.09740911829684674,1
2.1,0.062,0.65,7.779999999999999,0.04113110539845759,0.5740740740740741,0.10027274185785336,2
2.3,0.067,0.57,7.74,0.0103359173126615,0.59375,0.11038856775850996,1
2.1,0.062,0.65,7.779999999999999,0.04113110539845759,0.5740740740740741,0.10027274185785336,2
2.1,0.061,0.55,8.28,0.00603864734299517,0.40816326530612246,0.09728699664008825,1
1.4,0.084,0.47,10.69,0.01028999064546305,0.3333333333333333,0.09741107473538331,1
3.75,0.067,0.52,7.4,0.01081081081081081,0.5,0.12684478627660217,1
2.6,0.073,0.79,7.949999999999999,0.07547169811320754,0.5227272727272727,0.11138315806373926,2
1.8,0.071,0.54,6.699999999999999,0.011940298507462688,0.3111111111111111,0.11073528227430136,1
13.8,0.205,0.75,10.4,0.04807692307692307,0.5853658536585366,0.08778755411903194,1
2.2,0.048,0.88,5.77,0.01906412478336222,0.1797752808988764,0.13678557265095176,2
13.8,0.205,0.75,10.4,0.04807692307692307,0.5853658536585366,0.08778755411903194,1
2.2,0.048,0.88,5.77,0.01906412478336222,0.1797752808988764,0.13712165513903732,2
5.7,0.0819999999999999,0.52,7.975,0.006269592476489029,0.21428571428571427,0.10219621673613337,1
3.0,0.104,0.68,8.479999999999999,0.07075471698113209,0.45454545454545453,0.10618263413070482,1
1.5,0.08,0.62,6.22,0.00482315112540193,0.46153846153846156,0.10150957808197149,1
3.0,0.104,0.68,8.479999999999999,0.07075471698113209,0.45454545454545453,0.10618263413070482,1
1.5,0.042,0.61,8.43,0.05219454329774615,0.5,0.10749231480179221,1
2.1,0.074,0.55,7.655,0.020901371652514697,0.32,0.09738369174547717,1
2.1,0.07,0.6,7.4799999999999995,0.02807486631016043,0.391304347826087,0.10346975267715429,1
1.9,0.066,0.78,6.64,0.007530120481927712,0.5294117647058824,0.10653694620889283,1
1.7,0.049,0.58,6.14,0.006514657980456026,0.38461538461538464,0.11466505733252867,1
1.8,0.039,0.56,7.319999999999999,0.06693989071038252,0.4444444444444444,0.12481881140280239,2
1.6,0.05,0.54,6.8500000000000005,0.00875912408759124,0.3333333333333333,0.12028425333172282,1
1.9,0.089,0.59,8.24,0.03155339805825243,0.1564625850340136,0.0973543699064595,1
1.4,0.066,0.7,6.71,0.013412816691505215,0.5357142857142857,0.10054394273017023,2
1.9,0.08,0.81,7.43,0.0026917900403768506,0.5357142857142857,0.10654122944558356,2
2.3,0.054,0.63,7.640000000000001,0.003926701570680628,0.4375,0.11556859749969853,2
2.3,0.054,0.63,7.640000000000001,0.003926701570680628,0.4375,0.11556859749969853,2
4.3,0.083,0.53,8.62,0.033642691415313224,0.328125,0.09433772907007086,1
2.5,0.077,0.69,6.640000000000001,0.05873493975903614,0.42857142857142855,0.11049168801165185,2
2.3,0.106,0.55,7.88,0.07233502538071065,0.4166666666666667,0.11445208573866775,2
1.8,0.078,0.63,7.46,0.002680965147453083,0.5,0.09989959839357429,1
2.0,0.07,0.66,7.609999999999999,0.00657030223390276,0.42857142857142855,0.1084751210301119,2
2.3,0.106,0.55,7.88,0.07233502538071065,0.4166666666666667,0.11445208573866775,2
2.1,0.074,0.72,7.369999999999999,0.0814111261872456,0.68,0.10619752740096579,2
1.8,0.062,0.7,8.08,0.04950495049504951,0.35,0.11165878684236999,1
2.2,0.047,0.77,6.760000000000001,0.031065088757396445,0.5416666666666666,0.09732994852550143,2
2.1,0.068,0.67,7.789999999999999,0.0051347881899871635,0.7037037037037037,0.09828305519897304,1
4.1,0.074,0.72,7.74,0.027131782945736434,0.24615384615384617,0.09247945086570111,2
4.1,0.074,0.72,7.74,0.027131782945736434,0.24615384615384617,0.09264638128242624,2
2.0,0.063,0.83,7.03,0.008534850640113797,0.6590909090909091,0.10352903336047202,2
2.2,0.114,0.63,7.87,0.05844980940279543,0.35,0.10537196302949411,1
2.6,0.106,0.58,7.3,0.010958904109589041,0.5185185185185185,0.10234284854261776,1
2.3,0.071,0.97,6.42,0.03894080996884735,0.39655172413793105,0.1063904529623719,1
2.0,0.076,0.6,7.279999999999999,0.034340659340659344,0.47540983606557374,0.10449110820858035,1
2.1,0.064,0.64,7.18,0.011142061281337047,0.5294117647058824,0.09743651558984248,1
2.2,0.064,0.65,7.27,0.011004126547455296,0.47368421052631576,0.0964310467791026,2
2.2,0.096,0.67,8.19,0.05982905982905983,0.3559322033898305,0.10128968850913612,2
2.1,0.063,0.6,7.789999999999999,0.010269576379974327,0.8076923076923077,0.10240141354108104,2
2.2,0.063,0.69,7.04,0.012784090909090908,0.5,0.11363179276778891,2
2.8,0.081,0.66,6.805,0.014695077149155035,0.4642857142857143,0.10237777398600836,1
2.0,0.0579999999999999,0.68,7.73,0.016817593790426907,0.8181818181818182,0.09942454279774639,2
1.9,0.074,0.61,8.39,0.035756853396901066,0.38095238095238093,0.09025542284665604,1
2.4,0.064,0.62,7.16,0.019553072625698324,0.4482758620689655,0.11770979003390443,2
2.2,0.075,0.59,7.55,0.01721854304635762,0.42857142857142855,0.09739933728285971,2
2.5,0.081,0.63,6.84,0.013157894736842105,0.5769230769230769,0.1205569732162591,1
4.4,0.071,0.63,6.720000000000001,0.011904761904761904,0.34375,0.11641209882985769,2
2.3,0.063,0.81,8.77,0.049030786773090085,0.631578947368421,0.11250627825213459,2
1.8,0.059,0.64,7.13,0.04628330995792427,0.5714285714285714,0.10147592207452953,2
2.0,0.072,0.61,7.57,0.002642007926023778,0.6538461538461539,0.10243535023851368,1
2.0,0.099,0.58,11.6,0.04310344827586207,0.38,0.10422617079061565,1
1.8,0.074,0.7,7.760000000000001,0.038659793814432984,0.7083333333333334,0.11466621068407447,2
2.3,0.083,0.54,7.77,0.0,0.6666666666666666,0.09421858712212333,1
3.7,0.103,0.66,6.9799999999999995,0.0014326647564469916,0.5925925925925926,0.11346976482638123,2
2.2,0.08,0.6,8.035,0.0,0.6428571428571429,0.09422142033779381,1
1.7,0.065,0.68,7.5600000000000005,0.022486772486772486,0.625,0.10601523403742188,2
2.2,0.066,0.56,7.4799999999999995,0.005347593582887701,0.6,0.09936167650246899,1
2.4,0.062,0.6,7.455,0.0026827632461435278,0.6521739130434783,0.11041183614883515,2
6.7,0.235,0.56,7.53,0.043824701195219126,0.5739130434782609,0.09520278192550131,1
2.0,0.08,0.52,8.4,0.030952380952380953,0.2366412213740458,0.09937563991889342,1
2.0,0.08,0.52,8.4,0.030952380952380953,0.2366412213740458,0.09937563991889342,1
2.0,0.08,0.52,8.4,0.030952380952380953,0.2366412213740458,0.09937563991889342,1
2.0,0.076,0.54,7.8950000000000005,0.016466117796073463,0.6,0.1014606312659474,1
2.0,0.076,0.54,7.8950000000000005,0.016466117796073463,0.6,0.1014606312659474,1
1.9,0.061,0.82,7.37,0.00271370420624152,0.6190476190476191,0.10955985083778105,2
2.1,0.059,0.71,6.86,0.09329446064139942,0.46153846153846156,0.11256960218706653,2
2.0,0.076,0.54,7.8950000000000005,0.016466117796073463,0.6,0.1014606312659474,1
1.6,0.077,0.59,7.5600000000000005,0.017195767195767195,0.5952380952380952,0.09234259101265696,1
1.9,0.0559999999999999,0.57,6.71,0.020864381520119227,0.4411764705882353,0.11569882087810375,2
2.2,0.23,0.93,6.760000000000001,0.07840236686390532,0.5428571428571428,0.12482383732635394,2
2.2,0.038,0.65,6.78,0.02064896755162242,0.6,0.11154209457965714,2
2.2,0.069,0.51,7.99,0.04005006257822278,0.33653846153846156,0.09535089127991007,1
2.4,0.075,0.67,6.58,0.030395136778115502,0.3,0.12566982014135342,2
2.2,0.06,0.64,8.02,0.04987531172069826,0.6,0.11862396204033215,2
1.6,0.081,0.78,8.3,0.07590361445783132,0.5517241379310345,0.10844680081937584,2
5.1,0.076,0.6,6.9,0.021739130434782608,0.48148148148148145,0.11945152677119512,2
1.8,0.118,0.67,7.47,0.020080321285140562,0.65,0.11352220212979708,2
2.4,0.068,0.6,7.75,0.04258064516129032,0.34615384615384615,0.11963406052076003,2
2.6,0.053,0.5,6.8149999999999995,0.01467351430667645,0.48148148148148145,0.11976409492562551,1
2.1,0.074,0.62,6.66,0.04354354354354354,0.32653061224489793,0.09841531261925325,1
2.4,0.061,0.8,7.0200000000000005,0.06267806267806267,0.7058823529411765,0.11660166458928069,2
2.4,0.065,0.85,7.81,0.052496798975672214,0.5666666666666667,0.11458207695091063,2
1.8,0.066,0.66,6.41,0.0171606864274571,0.6428571428571429,0.10956645859091503,2
1.8,0.077,0.82,6.85,0.021897810218978103,0.7428571428571429,0.11680125662041604,2
1.7,0.089,0.56,6.140000000000001,0.014657980456026056,0.6153846153846154,0.1166978531619082,2
2.3,0.076,0.75,6.81,0.019089574155653453,0.725,0.11047060477634725,2
1.9,0.068,0.82,7.42,0.01078167115902965,0.7368421052631579,0.09533271116195523,2
2.0,0.09,0.58,6.8,0.011764705882352941,0.7272727272727273,0.10553824504975375,1
2.2,0.062,0.76,6.45,0.015503875968992248,0.7647058823529411,0.11254924029262801,2
2.0,0.075,0.71,6.545,0.018334606569900685,0.7272727272727273,0.10246416265683546,1
